,model_word,surprisal,model
0,The,0.0,gpt2_supr
1, cleaner,18.0574893951416,gpt2_supr
2, obviously,13.950350761413574,gpt2_supr
3, knew,5.0480637550354,gpt2_supr
4, which,7.996410846710205,gpt2_supr
5, letter,11.725040435791016,gpt2_supr
6, the,4.900763034820557,gpt2_supr
7, resident,13.908513069152832,gpt2_supr
8, identified,10.807127952575684,gpt2_supr
9, something,15.542536735534668,gpt2_supr
10, in,4.711994647979736,gpt2_supr
11, the,2.372136354446411,gpt2_supr
12, morning,9.97230339050293,gpt2_supr
13,.,12.02443027496338,gpt2_supr
14,<|endoftext|>,15.393892288208008,gpt2_supr
15,The,0.0,gpt2_supr
16, victim,11.845145225524902,gpt2_supr
17, clearly,13.884114265441896,gpt2_supr
18, knew,4.918805122375488,gpt2_supr
19, which,8.957554817199707,gpt2_supr
20, gun,7.076053142547607,gpt2_supr
21, the,5.298131465911865,gpt2_supr
22, murderer,7.285098552703857,gpt2_supr
23, held,8.033102035522461,gpt2_supr
24, something,17.948745727539062,gpt2_supr
25, in,2.652226686477661,gpt2_supr
26, the,4.260010719299316,gpt2_supr
27, evening,11.189940452575684,gpt2_supr
28,.,13.510251998901367,gpt2_supr
29,<|endoftext|>,13.441330909729004,gpt2_supr
30,The,0.0,gpt2_supr
31, professor,13.283145904541016,gpt2_supr
32, totally,16.5474853515625,gpt2_supr
33, knew,6.66673469543457,gpt2_supr
34, which,7.8286213874816895,gpt2_supr
35, equipment,12.49484920501709,gpt2_supr
36, the,5.729856014251709,gpt2_supr
37, scientist,10.896828651428224,gpt2_supr
38, installed,9.618640899658203,gpt2_supr
39, something,16.879486083984375,gpt2_supr
40, during,11.348504066467283,gpt2_supr
41, the,1.277521014213562,gpt2_supr
42, weekend,11.931638717651367,gpt2_supr
43,.,10.891408920288086,gpt2_supr
44,<|endoftext|>,14.916547775268556,gpt2_supr
45,The,0.0,gpt2_supr
46, policeman,16.035429000854492,gpt2_supr
47, stupidly,19.21550178527832,gpt2_supr
48, knew,11.7320556640625,gpt2_supr
49, which,7.668206214904785,gpt2_supr
50, meat,14.237168312072754,gpt2_supr
51, the,9.14831256866455,gpt2_supr
52, butcher,9.289643287658691,gpt2_supr
53, recognized,17.581254959106445,gpt2_supr
54, something,15.62899112701416,gpt2_supr
55, in,6.179458141326904,gpt2_supr
56, the,3.363828182220459,gpt2_supr
57, shop,8.104304313659668,gpt2_supr
58, in,7.954666137695312,gpt2_supr
59, the,2.365412950515747,gpt2_supr
60, morning,3.693380117416382,gpt2_supr
61,.,11.260537147521973,gpt2_supr
62,<|endoftext|>,13.639851570129396,gpt2_supr
63,The,0.0,gpt2_supr
64, coach,13.216989517211914,gpt2_supr
65, regrettably,21.84473991394043,gpt2_supr
66, knew,9.119287490844728,gpt2_supr
67, which,8.872431755065918,gpt2_supr
68, ball,8.07945442199707,gpt2_supr
69, the,5.787727355957031,gpt2_supr
70, pupil,13.373252868652344,gpt2_supr
71, caught,8.899738311767578,gpt2_supr
72, something,15.242609977722168,gpt2_supr
73, during,8.221226692199707,gpt2_supr
74, the,1.4141632318496704,gpt2_supr
75, weekend,10.7244291305542,gpt2_supr
76,.,11.693400382995604,gpt2_supr
77,<|endoftext|>,12.794705390930176,gpt2_supr
78,The,0.0,gpt2_supr
79, associate,17.001256942749023,gpt2_supr
80, totally,19.644121170043945,gpt2_supr
81, knew,8.038739204406738,gpt2_supr
82, which,7.795199394226074,gpt2_supr
83, document,14.447449684143066,gpt2_supr
84, the,6.366580963134766,gpt2_supr
85, accountant,12.953006744384766,gpt2_supr
86, unveiled,17.406496047973633,gpt2_supr
87, something,15.206258773803713,gpt2_supr
88, in,6.09313440322876,gpt2_supr
89, the,3.0333364009857178,gpt2_supr
90, afternoon,8.03011703491211,gpt2_supr
91,.,10.682533264160156,gpt2_supr
92,<|endoftext|>,14.110523223876951,gpt2_supr
93,The,0.0,gpt2_supr
94, author,10.091313362121582,gpt2_supr
95, obviously,12.821762084960938,gpt2_supr
96, knew,5.8588337898254395,gpt2_supr
97, which,8.450801849365234,gpt2_supr
98, novel,10.558987617492676,gpt2_supr
99, the,7.3951005935668945,gpt2_supr
100, editor,9.166457176208496,gpt2_supr
101, praised,16.183940887451172,gpt2_supr
102, something,14.712481498718262,gpt2_supr
103, during,12.77966022491455,gpt2_supr
104, the,1.3466172218322754,gpt2_supr
105, holidays,14.049065589904783,gpt2_supr
106,.,11.41050624847412,gpt2_supr
107,<|endoftext|>,14.560041427612305,gpt2_supr
108,The,0.0,gpt2_supr
109, nurse,14.692875862121582,gpt2_supr
110, almost,12.219037055969238,gpt2_supr
111, forgot,8.148324966430664,gpt2_supr
112, which,9.420174598693848,gpt2_supr
113, acid,16.159238815307617,gpt2_supr
114, the,6.587996006011963,gpt2_supr
115, dentist,8.979188919067383,gpt2_supr
116, carried,11.274171829223633,gpt2_supr
117, something,16.784881591796875,gpt2_supr
118, during,10.069186210632324,gpt2_supr
119, the,1.593619465827942,gpt2_supr
120, holidays,14.548932075500488,gpt2_supr
121,.,10.182557106018066,gpt2_supr
122,<|endoftext|>,14.145079612731934,gpt2_supr
123,The,0.0,gpt2_supr
124, assistant,14.236419677734377,gpt2_supr
125, clearly,16.625452041625977,gpt2_supr
126, forgot,11.417880058288574,gpt2_supr
127, which,7.353405475616455,gpt2_supr
128, fraud,18.020606994628903,gpt2_supr
129, the,7.527647495269775,gpt2_supr
130, economist,13.268089294433594,gpt2_supr
131, prevented,17.09996223449707,gpt2_supr
132, something,15.316378593444824,gpt2_supr
133, in,6.621513843536377,gpt2_supr
134, the,1.816088080406189,gpt2_supr
135, morning,12.11757469177246,gpt2_supr
136,.,10.254985809326172,gpt2_supr
137,<|endoftext|>,13.912365913391112,gpt2_supr
138,The,0.0,gpt2_supr
139, waiter,16.28982162475586,gpt2_supr
140, gradually,16.131105422973633,gpt2_supr
141, forgot,10.9144287109375,gpt2_supr
142, which,9.529081344604492,gpt2_supr
143, beer,8.78005599975586,gpt2_supr
144, the,6.033172607421875,gpt2_supr
145, customer,3.697431087493897,gpt2_supr
146, bought,6.739952087402344,gpt2_supr
147, something,14.811654090881348,gpt2_supr
148, in,5.241489887237549,gpt2_supr
149, the,4.135403156280518,gpt2_supr
150, evening,7.014535427093506,gpt2_supr
151,.,11.195201873779297,gpt2_supr
152,<|endoftext|>,14.166543960571287,gpt2_supr
153,The,0.0,gpt2_supr
154, drivers,14.505780220031738,gpt2_supr
155, stupidly,17.553110122680664,gpt2_supr
156, forgot,6.268310546875,gpt2_supr
157, which,8.095632553100586,gpt2_supr
158, bird,13.05645751953125,gpt2_supr
159, the,7.381235122680664,gpt2_supr
160, gardener,12.397149085998535,gpt2_supr
161, saved,8.939042091369629,gpt2_supr
162, something,14.95707893371582,gpt2_supr
163, during,10.458027839660645,gpt2_supr
164, the,1.8864028453826904,gpt2_supr
165, weekend,6.458322048187256,gpt2_supr
166,.,9.941679000854492,gpt2_supr
167,<|endoftext|>,13.640739440917969,gpt2_supr
168,The,0.0,gpt2_supr
169, inspector,15.035024642944336,gpt2_supr
170, foolishly,23.275901794433594,gpt2_supr
171, forgot,7.233493804931641,gpt2_supr
172, which,9.271944046020508,gpt2_supr
173, knife,10.414236068725586,gpt2_supr
174, the,5.695052146911621,gpt2_supr
175, prisoner,9.367308616638184,gpt2_supr
176, discovered,12.56916618347168,gpt2_supr
177, something,14.33488941192627,gpt2_supr
178, in,3.05361008644104,gpt2_supr
179, the,2.554933786392212,gpt2_supr
180, evening,10.727139472961426,gpt2_supr
181,.,11.267149925231934,gpt2_supr
182,<|endoftext|>,13.45572566986084,gpt2_supr
183,The,0.0,gpt2_supr
184, intern,15.653347969055176,gpt2_supr
185, stupidly,20.66103172302246,gpt2_supr
186, forgot,6.330089092254639,gpt2_supr
187, which,8.509127616882324,gpt2_supr
188, tissue,14.22824478149414,gpt2_supr
189, the,5.957902908325195,gpt2_supr
190, surgeon,8.534127235412598,gpt2_supr
191, found,10.255380630493164,gpt2_supr
192, something,9.107090950012209,gpt2_supr
193, in,1.825655817985535,gpt2_supr
194, the,5.938241958618164,gpt2_supr
195, evening,9.72947120666504,gpt2_supr
196,.,10.890331268310549,gpt2_supr
197,<|endoftext|>,14.421853065490724,gpt2_supr
198,The,0.0,gpt2_supr
199, archaeologist,16.70294761657715,gpt2_supr
200, regrettably,21.113201141357425,gpt2_supr
201, forgot,5.794313430786133,gpt2_supr
202, which,9.88053035736084,gpt2_supr
203, fossil,10.67788791656494,gpt2_supr
204, the,6.309626579284668,gpt2_supr
205, excavator,10.32693576812744,gpt2_supr
206, ruined,17.00200653076172,gpt2_supr
207, something,12.557040214538574,gpt2_supr
208, in,4.324182033538818,gpt2_supr
209, the,2.7348792552948,gpt2_supr
210, morning,9.092484474182127,gpt2_supr
211,.,10.266042709350586,gpt2_supr
212,<|endoftext|>,13.157648086547852,gpt2_supr
213,The,0.0,gpt2_supr
214, publisher,13.935882568359377,gpt2_supr
215, almost,15.611283302307127,gpt2_supr
216, explained,14.15142822265625,gpt2_supr
217, which,12.4920072555542,gpt2_supr
218, acknowledgement,19.43996238708496,gpt2_supr
219, the,4.619566917419434,gpt2_supr
220, writer,6.885786533355713,gpt2_supr
221, highlighted,15.699990272521973,gpt2_supr
222, something,15.67874526977539,gpt2_supr
223, during,10.242433547973633,gpt2_supr
224, the,1.3186886310577393,gpt2_supr
225, weekend,10.106704711914062,gpt2_supr
226,.,10.884197235107422,gpt2_supr
227,<|endoftext|>,15.05520725250244,gpt2_supr
228,The,0.0,gpt2_supr
229, employer,15.666671752929688,gpt2_supr
230, totally,17.34709930419922,gpt2_supr
231, explained,11.74344253540039,gpt2_supr
232, which,11.446992874145508,gpt2_supr
233, contract,9.140751838684082,gpt2_supr
234, the,5.48844051361084,gpt2_supr
235, colleague,13.347277641296388,gpt2_supr
236, eliminated,17.054004669189453,gpt2_supr
237, something,15.18008041381836,gpt2_supr
238, in,5.025880336761475,gpt2_supr
239, the,4.309127330780029,gpt2_supr
240, morning,8.981179237365723,gpt2_supr
241,.,10.002045631408691,gpt2_supr
242,<|endoftext|>,15.189308166503906,gpt2_supr
243,The,0.0,gpt2_supr
244, critic,16.8335018157959,gpt2_supr
245, carefully,16.070783615112305,gpt2_supr
246, explained,7.674079418182373,gpt2_supr
247, which,9.344696044921877,gpt2_supr
248, house,12.224116325378418,gpt2_supr
249, the,4.55068302154541,gpt2_supr
250, architect,11.457043647766112,gpt2_supr
251, destroyed,12.7991361618042,gpt2_supr
252, something,14.98984432220459,gpt2_supr
253, during,9.286611557006836,gpt2_supr
254, the,1.65791118144989,gpt2_supr
255, holidays,13.423094749450684,gpt2_supr
256,.,10.805012702941896,gpt2_supr
257,<|endoftext|>,13.47157382965088,gpt2_supr
258,The,0.0,gpt2_supr
259, landlord,14.06236743927002,gpt2_supr
260, promptly,14.48781681060791,gpt2_supr
261, explained,10.139906883239746,gpt2_supr
262, which,12.404247283935549,gpt2_supr
263, notice,11.810491561889648,gpt2_supr
264, the,5.025943756103516,gpt2_supr
265, tenant,1.8179749250411987,gpt2_supr
266, ignored,12.19509983062744,gpt2_supr
267, something,16.257869720458984,gpt2_supr
268, in,4.894794464111328,gpt2_supr
269, the,1.416455864906311,gpt2_supr
270, afternoon,14.83541202545166,gpt2_supr
271,.,11.793426513671877,gpt2_supr
272,<|endoftext|>,15.267234802246094,gpt2_supr
273,The,0.0,gpt2_supr
274, boss,12.989322662353516,gpt2_supr
275, slowly,18.90482521057129,gpt2_supr
276, explained,10.449660301208496,gpt2_supr
277, which,10.375688552856444,gpt2_supr
278, room,9.421520233154297,gpt2_supr
279, the,3.7885775566101074,gpt2_supr
280, designer,13.8845853805542,gpt2_supr
281, designed,9.251778602600098,gpt2_supr
282, something,9.681268692016602,gpt2_supr
283, during,11.237971305847168,gpt2_supr
284, the,1.9604073762893677,gpt2_supr
285, holidays,13.046749114990234,gpt2_supr
286,.,10.9718599319458,gpt2_supr
287,<|endoftext|>,14.338160514831545,gpt2_supr
288,The,0.0,gpt2_supr
289, critic,16.8335018157959,gpt2_supr
290, gradually,17.747650146484375,gpt2_supr
291, explained,9.988102912902832,gpt2_supr
292, which,11.003779411315918,gpt2_supr
293, painting,14.800460815429688,gpt2_supr
294, the,7.056818008422852,gpt2_supr
295, painters,8.916094779968262,gpt2_supr
296, modified,14.077048301696776,gpt2_supr
297, something,12.125959396362305,gpt2_supr
298, in,3.3062658309936523,gpt2_supr
299, the,1.635816216468811,gpt2_supr
300, morning,13.35576629638672,gpt2_supr
301,.,12.175227165222168,gpt2_supr
302,<|endoftext|>,14.68959140777588,gpt2_supr
303,The,0.0,gpt2_supr
304, cleaner,18.0574893951416,gpt2_supr
305, obviously,13.950350761413574,gpt2_supr
306, knew,5.0480637550354,gpt2_supr
307, which,7.996410846710205,gpt2_supr
308, letter,11.725040435791016,gpt2_supr
309, the,4.900763034820557,gpt2_supr
310, resident,13.908513069152832,gpt2_supr
311, identified,10.807127952575684,gpt2_supr
312, in,5.31952428817749,gpt2_supr
313, the,1.2867077589035034,gpt2_supr
314, morning,11.2362060546875,gpt2_supr
315,.,13.328468322753906,gpt2_supr
316,<|endoftext|>,15.138340950012209,gpt2_supr
317,The,0.0,gpt2_supr
318, victim,11.845145225524902,gpt2_supr
319, clearly,13.884114265441896,gpt2_supr
320, knew,4.918805122375488,gpt2_supr
321, which,8.957554817199707,gpt2_supr
322, gun,7.076053142547607,gpt2_supr
323, the,5.298131465911865,gpt2_supr
324, murderer,7.285098552703857,gpt2_supr
325, held,8.033102035522461,gpt2_supr
326, in,3.1574461460113525,gpt2_supr
327, the,3.7649996280670166,gpt2_supr
328, evening,12.606704711914062,gpt2_supr
329,.,13.39555549621582,gpt2_supr
330,<|endoftext|>,13.383869171142578,gpt2_supr
331,The,0.0,gpt2_supr
332, professor,13.283145904541016,gpt2_supr
333, totally,16.5474853515625,gpt2_supr
334, knew,6.66673469543457,gpt2_supr
335, which,7.8286213874816895,gpt2_supr
336, equipment,12.49484920501709,gpt2_supr
337, the,5.729856014251709,gpt2_supr
338, scientist,10.896828651428224,gpt2_supr
339, installed,9.618640899658203,gpt2_supr
340, during,6.822117805480957,gpt2_supr
341, the,1.3130117654800415,gpt2_supr
342, weekend,12.63734245300293,gpt2_supr
343,.,11.9568452835083,gpt2_supr
344,<|endoftext|>,14.788897514343262,gpt2_supr
345,The,0.0,gpt2_supr
346, policeman,16.035429000854492,gpt2_supr
347, stupidly,19.21550178527832,gpt2_supr
348, knew,11.7320556640625,gpt2_supr
349, which,7.668206214904785,gpt2_supr
350, meat,14.237168312072754,gpt2_supr
351, the,9.14831256866455,gpt2_supr
352, butcher,9.289643287658691,gpt2_supr
353, recognized,17.581254959106445,gpt2_supr
354, in,6.775323867797852,gpt2_supr
355, the,1.135017991065979,gpt2_supr
356, shop,4.617417335510254,gpt2_supr
357, in,7.631286144256592,gpt2_supr
358, the,2.414520263671875,gpt2_supr
359, morning,4.004351615905762,gpt2_supr
360,.,11.518739700317385,gpt2_supr
361,<|endoftext|>,13.404399871826172,gpt2_supr
362,The,0.0,gpt2_supr
363, coach,13.216989517211914,gpt2_supr
364, regrettably,21.84473991394043,gpt2_supr
365, knew,9.119287490844728,gpt2_supr
366, which,8.872431755065918,gpt2_supr
367, ball,8.07945442199707,gpt2_supr
368, the,5.787727355957031,gpt2_supr
369, pupil,13.373252868652344,gpt2_supr
370, caught,8.899738311767578,gpt2_supr
371, during,6.572009563446045,gpt2_supr
372, the,1.4117316007614136,gpt2_supr
373, weekend,10.633590698242188,gpt2_supr
374,.,12.989896774291992,gpt2_supr
375,<|endoftext|>,12.80817413330078,gpt2_supr
376,The,0.0,gpt2_supr
377, associate,17.001256942749023,gpt2_supr
378, totally,19.644121170043945,gpt2_supr
379, knew,8.038739204406738,gpt2_supr
380, which,7.795199394226074,gpt2_supr
381, document,14.447449684143066,gpt2_supr
382, the,6.366580963134766,gpt2_supr
383, accountant,12.953006744384766,gpt2_supr
384, unveiled,17.406496047973633,gpt2_supr
385, in,4.484536170959473,gpt2_supr
386, the,2.4380314350128174,gpt2_supr
387, afternoon,9.139363288879396,gpt2_supr
388,.,11.336248397827148,gpt2_supr
389,<|endoftext|>,13.95396900177002,gpt2_supr
390,The,0.0,gpt2_supr
391, author,10.091313362121582,gpt2_supr
392, obviously,12.821762084960938,gpt2_supr
393, knew,5.8588337898254395,gpt2_supr
394, which,8.450801849365234,gpt2_supr
395, novel,10.558987617492676,gpt2_supr
396, the,7.3951005935668945,gpt2_supr
397, editor,9.166457176208496,gpt2_supr
398, praised,16.183940887451172,gpt2_supr
399, during,8.406172752380371,gpt2_supr
400, the,1.3350088596343994,gpt2_supr
401, holidays,13.56326961517334,gpt2_supr
402,.,11.846019744873049,gpt2_supr
403,<|endoftext|>,14.48257827758789,gpt2_supr
404,The,0.0,gpt2_supr
405, nurse,14.692875862121582,gpt2_supr
406, almost,12.219037055969238,gpt2_supr
407, forgot,8.148324966430664,gpt2_supr
408, which,9.420174598693848,gpt2_supr
409, acid,16.159238815307617,gpt2_supr
410, the,6.587996006011963,gpt2_supr
411, dentist,8.979188919067383,gpt2_supr
412, carried,11.274171829223633,gpt2_supr
413, during,7.672146320343018,gpt2_supr
414, the,1.9019432067871096,gpt2_supr
415, holidays,15.389185905456545,gpt2_supr
416,.,10.522356033325195,gpt2_supr
417,<|endoftext|>,14.171114921569824,gpt2_supr
418,The,0.0,gpt2_supr
419, assistant,14.236419677734377,gpt2_supr
420, clearly,16.625452041625977,gpt2_supr
421, forgot,11.417880058288574,gpt2_supr
422, which,7.353405475616455,gpt2_supr
423, fraud,18.020606994628903,gpt2_supr
424, the,7.527647495269775,gpt2_supr
425, economist,13.268089294433594,gpt2_supr
426, prevented,17.09996223449707,gpt2_supr
427, in,7.3470988273620605,gpt2_supr
428, the,2.1332788467407227,gpt2_supr
429, morning,10.924982070922852,gpt2_supr
430,.,10.92317008972168,gpt2_supr
431,<|endoftext|>,14.031514167785645,gpt2_supr
432,The,0.0,gpt2_supr
433, waiter,16.28982162475586,gpt2_supr
434, gradually,16.131105422973633,gpt2_supr
435, forgot,10.9144287109375,gpt2_supr
436, which,9.529081344604492,gpt2_supr
437, beer,8.78005599975586,gpt2_supr
438, the,6.033172607421875,gpt2_supr
439, customer,3.697431087493897,gpt2_supr
440, bought,6.739952087402344,gpt2_supr
441, in,6.120570182800293,gpt2_supr
442, the,1.4352954626083374,gpt2_supr
443, evening,7.556880950927734,gpt2_supr
444,.,11.570915222167969,gpt2_supr
445,<|endoftext|>,13.950175285339355,gpt2_supr
446,The,0.0,gpt2_supr
447, drivers,14.505780220031738,gpt2_supr
448, stupidly,17.553110122680664,gpt2_supr
449, forgot,6.268310546875,gpt2_supr
450, which,8.095632553100586,gpt2_supr
451, bird,13.05645751953125,gpt2_supr
452, the,7.381235122680664,gpt2_supr
453, gardener,12.397149085998535,gpt2_supr
454, saved,8.939042091369629,gpt2_supr
455, during,6.359355449676514,gpt2_supr
456, the,1.9823073148727417,gpt2_supr
457, weekend,6.653544902801514,gpt2_supr
458,.,10.380571365356444,gpt2_supr
459,<|endoftext|>,13.510563850402832,gpt2_supr
460,The,0.0,gpt2_supr
461, inspector,15.035024642944336,gpt2_supr
462, foolishly,23.275901794433594,gpt2_supr
463, forgot,7.233493804931641,gpt2_supr
464, which,9.271944046020508,gpt2_supr
465, knife,10.414236068725586,gpt2_supr
466, the,5.695052146911621,gpt2_supr
467, prisoner,9.367308616638184,gpt2_supr
468, discovered,12.56916618347168,gpt2_supr
469, in,3.0675323009490967,gpt2_supr
470, the,1.51807701587677,gpt2_supr
471, evening,11.47726345062256,gpt2_supr
472,.,12.115640640258787,gpt2_supr
473,<|endoftext|>,13.441732406616213,gpt2_supr
474,The,0.0,gpt2_supr
475, intern,15.653347969055176,gpt2_supr
476, stupidly,20.66103172302246,gpt2_supr
477, forgot,6.330089092254639,gpt2_supr
478, which,8.509127616882324,gpt2_supr
479, tissue,14.22824478149414,gpt2_supr
480, the,5.957902908325195,gpt2_supr
481, surgeon,8.534127235412598,gpt2_supr
482, found,10.255380630493164,gpt2_supr
483, in,3.0477867126464844,gpt2_supr
484, the,2.690715074539185,gpt2_supr
485, evening,13.747184753417969,gpt2_supr
486,.,13.018753051757812,gpt2_supr
487,<|endoftext|>,14.20419216156006,gpt2_supr
488,The,0.0,gpt2_supr
489, archaeologist,16.70294761657715,gpt2_supr
490, regrettably,21.113201141357425,gpt2_supr
491, forgot,5.794313430786133,gpt2_supr
492, which,9.88053035736084,gpt2_supr
493, fossil,10.67788791656494,gpt2_supr
494, the,6.309626579284668,gpt2_supr
495, excavator,10.32693576812744,gpt2_supr
496, ruined,17.00200653076172,gpt2_supr
497, in,4.918159484863281,gpt2_supr
498, the,1.769049882888794,gpt2_supr
499, morning,9.034479141235352,gpt2_supr
500,.,10.538022994995115,gpt2_supr
501,<|endoftext|>,13.17545223236084,gpt2_supr
502,The,0.0,gpt2_supr
503, publisher,13.935882568359377,gpt2_supr
504, almost,15.611283302307127,gpt2_supr
505, explained,14.15142822265625,gpt2_supr
506, which,12.4920072555542,gpt2_supr
507, acknowledgement,19.43996238708496,gpt2_supr
508, the,4.619566917419434,gpt2_supr
509, writer,6.885786533355713,gpt2_supr
510, highlighted,15.699990272521973,gpt2_supr
511, during,5.921929836273193,gpt2_supr
512, the,1.4919112920761108,gpt2_supr
513, weekend,9.980997085571287,gpt2_supr
514,.,11.463865280151367,gpt2_supr
515,<|endoftext|>,14.899635314941406,gpt2_supr
516,The,0.0,gpt2_supr
517, employer,15.666671752929688,gpt2_supr
518, totally,17.34709930419922,gpt2_supr
519, explained,11.74344253540039,gpt2_supr
520, which,11.446992874145508,gpt2_supr
521, contract,9.140751838684082,gpt2_supr
522, the,5.48844051361084,gpt2_supr
523, colleague,13.347277641296388,gpt2_supr
524, eliminated,17.054004669189453,gpt2_supr
525, in,4.819955348968506,gpt2_supr
526, the,2.5790860652923584,gpt2_supr
527, morning,8.087244033813477,gpt2_supr
528,.,10.141327857971191,gpt2_supr
529,<|endoftext|>,14.925689697265623,gpt2_supr
530,The,0.0,gpt2_supr
531, critic,16.8335018157959,gpt2_supr
532, carefully,16.070783615112305,gpt2_supr
533, explained,7.674079418182373,gpt2_supr
534, which,9.344696044921877,gpt2_supr
535, house,12.224116325378418,gpt2_supr
536, the,4.55068302154541,gpt2_supr
537, architect,11.457043647766112,gpt2_supr
538, destroyed,12.7991361618042,gpt2_supr
539, during,7.25119686126709,gpt2_supr
540, the,1.4056458473205566,gpt2_supr
541, holidays,14.282716751098633,gpt2_supr
542,.,11.099757194519045,gpt2_supr
543,<|endoftext|>,13.306902885437012,gpt2_supr
544,The,0.0,gpt2_supr
545, landlord,14.06236743927002,gpt2_supr
546, promptly,14.48781681060791,gpt2_supr
547, explained,10.139906883239746,gpt2_supr
548, which,12.404247283935549,gpt2_supr
549, notice,11.810491561889648,gpt2_supr
550, the,5.025943756103516,gpt2_supr
551, tenant,1.8179749250411987,gpt2_supr
552, ignored,12.19509983062744,gpt2_supr
553, in,5.6234307289123535,gpt2_supr
554, the,2.645026922225952,gpt2_supr
555, afternoon,12.84762954711914,gpt2_supr
556,.,12.209433555603027,gpt2_supr
557,<|endoftext|>,15.05138874053955,gpt2_supr
558,The,0.0,gpt2_supr
559, boss,12.989322662353516,gpt2_supr
560, slowly,18.90482521057129,gpt2_supr
561, explained,10.449660301208496,gpt2_supr
562, which,10.375688552856444,gpt2_supr
563, room,9.421520233154297,gpt2_supr
564, the,3.7885775566101074,gpt2_supr
565, designer,13.8845853805542,gpt2_supr
566, designed,9.251778602600098,gpt2_supr
567, during,9.810940742492676,gpt2_supr
568, the,2.001067876815796,gpt2_supr
569, holidays,12.961434364318848,gpt2_supr
570,.,11.164053916931152,gpt2_supr
571,<|endoftext|>,14.12701416015625,gpt2_supr
572,The,0.0,gpt2_supr
573, critic,16.8335018157959,gpt2_supr
574, gradually,17.747650146484375,gpt2_supr
575, explained,9.988102912902832,gpt2_supr
576, which,11.003779411315918,gpt2_supr
577, painting,14.800460815429688,gpt2_supr
578, the,7.056818008422852,gpt2_supr
579, painters,8.916094779968262,gpt2_supr
580, modified,14.077048301696776,gpt2_supr
581, in,4.084843158721924,gpt2_supr
582, the,2.6297061443328857,gpt2_supr
583, morning,10.609670639038086,gpt2_supr
584,.,12.148598670959473,gpt2_supr
585,<|endoftext|>,14.363661766052246,gpt2_supr
586,The,0.0,gpt2_supr
587, cleaner,18.0574893951416,gpt2_supr
588, obviously,13.950350761413574,gpt2_supr
589, knew,5.0480637550354,gpt2_supr
590, which,7.996410846710205,gpt2_supr
591, letter,11.725040435791016,gpt2_supr
592, and,6.360727787017822,gpt2_supr
593, which,3.59397292137146,gpt2_supr
594, document,12.33810329437256,gpt2_supr
595, the,5.7775959968566895,gpt2_supr
596, resident,12.147089958190918,gpt2_supr
597, identified,9.794459342956545,gpt2_supr
598, something,15.954219818115234,gpt2_supr
599, in,4.314093112945557,gpt2_supr
600, the,2.5779080390930176,gpt2_supr
601, morning,10.409669876098633,gpt2_supr
602,.,11.73384952545166,gpt2_supr
603,<|endoftext|>,15.460001945495604,gpt2_supr
604,The,0.0,gpt2_supr
605, victim,11.845145225524902,gpt2_supr
606, clearly,13.884114265441896,gpt2_supr
607, knew,4.918805122375488,gpt2_supr
608, which,8.957554817199707,gpt2_supr
609, gun,7.076053142547607,gpt2_supr
610, and,7.592154026031494,gpt2_supr
611, which,1.2483234405517578,gpt2_supr
612, knife,5.737239360809326,gpt2_supr
613, the,5.197157859802246,gpt2_supr
614, murderer,6.469597339630127,gpt2_supr
615, held,8.017386436462402,gpt2_supr
616, something,17.875272750854492,gpt2_supr
617, in,2.2289609909057617,gpt2_supr
618, the,4.4908294677734375,gpt2_supr
619, evening,11.157590866088867,gpt2_supr
620,.,13.351304054260254,gpt2_supr
621,<|endoftext|>,13.232852935791016,gpt2_supr
622,The,0.0,gpt2_supr
623, professor,13.283145904541016,gpt2_supr
624, totally,16.5474853515625,gpt2_supr
625, knew,6.66673469543457,gpt2_supr
626, which,7.8286213874816895,gpt2_supr
627, equipment,12.49484920501709,gpt2_supr
628, and,6.6913299560546875,gpt2_supr
629, which,3.4182310104370117,gpt2_supr
630, program,9.152816772460938,gpt2_supr
631, the,5.65556526184082,gpt2_supr
632, scientist,11.58241844177246,gpt2_supr
633, installed,10.469056129455566,gpt2_supr
634, something,16.72406768798828,gpt2_supr
635, during,11.754643440246582,gpt2_supr
636, the,1.4025295972824097,gpt2_supr
637, weekend,11.670408248901367,gpt2_supr
638,.,10.930161476135254,gpt2_supr
639,<|endoftext|>,15.27328395843506,gpt2_supr
640,The,0.0,gpt2_supr
641, policeman,16.035429000854492,gpt2_supr
642, stupidly,19.21550178527832,gpt2_supr
643, knew,11.7320556640625,gpt2_supr
644, which,7.668206214904785,gpt2_supr
645, meat,14.237168312072754,gpt2_supr
646, and,6.473088264465332,gpt2_supr
647, which,2.9017579555511475,gpt2_supr
648, sausage,8.289657592773438,gpt2_supr
649, the,6.893545627593994,gpt2_supr
650, butcher,10.693288803100586,gpt2_supr
651, recognized,17.067546844482422,gpt2_supr
652, something,15.53701114654541,gpt2_supr
653, in,5.659771919250488,gpt2_supr
654, the,2.7888870239257812,gpt2_supr
655, shop,7.264469146728516,gpt2_supr
656, in,8.220765113830566,gpt2_supr
657, the,2.593120574951172,gpt2_supr
658, morning,3.939128160476685,gpt2_supr
659,.,11.17957878112793,gpt2_supr
660,<|endoftext|>,13.751737594604492,gpt2_supr
661,The,0.0,gpt2_supr
662, coach,13.216989517211914,gpt2_supr
663, regrettably,21.84473991394043,gpt2_supr
664, knew,9.119287490844728,gpt2_supr
665, which,8.872431755065918,gpt2_supr
666, ball,8.07945442199707,gpt2_supr
667, and,7.826896667480469,gpt2_supr
668, which,0.994503617286682,gpt2_supr
669, bat,5.1005449295043945,gpt2_supr
670, the,6.175149917602539,gpt2_supr
671, pupil,12.395707130432127,gpt2_supr
672, caught,10.123672485351562,gpt2_supr
673, something,14.218022346496582,gpt2_supr
674, during,8.192218780517578,gpt2_supr
675, the,1.3624275922775269,gpt2_supr
676, weekend,11.517268180847168,gpt2_supr
677,.,11.294340133666992,gpt2_supr
678,<|endoftext|>,12.95815372467041,gpt2_supr
679,The,0.0,gpt2_supr
680, associate,17.001256942749023,gpt2_supr
681, totally,19.644121170043945,gpt2_supr
682, knew,8.038739204406738,gpt2_supr
683, which,7.795199394226074,gpt2_supr
684, document,14.447449684143066,gpt2_supr
685, and,8.279589653015137,gpt2_supr
686, which,1.5028492212295532,gpt2_supr
687, information,7.037478923797607,gpt2_supr
688, the,5.458401203155518,gpt2_supr
689, accountant,14.196918487548828,gpt2_supr
690, unveiled,17.6844482421875,gpt2_supr
691, something,15.315314292907717,gpt2_supr
692, in,6.571215629577637,gpt2_supr
693, the,2.5990350246429443,gpt2_supr
694, afternoon,8.484945297241211,gpt2_supr
695,.,10.63738250732422,gpt2_supr
696,<|endoftext|>,14.07936954498291,gpt2_supr
697,The,0.0,gpt2_supr
698, author,10.091313362121582,gpt2_supr
699, obviously,12.821762084960938,gpt2_supr
700, knew,5.8588337898254395,gpt2_supr
701, which,8.450801849365234,gpt2_supr
702, novel,10.558987617492676,gpt2_supr
703, and,8.279624938964844,gpt2_supr
704, which,1.6233882904052734,gpt2_supr
705, essay,8.354756355285645,gpt2_supr
706, the,7.548102378845215,gpt2_supr
707, editor,7.646395683288574,gpt2_supr
708, praised,15.976238250732422,gpt2_supr
709, something,15.738889694213867,gpt2_supr
710, during,13.193140983581545,gpt2_supr
711, the,1.201389193534851,gpt2_supr
712, holidays,14.535304069519045,gpt2_supr
713,.,11.228388786315918,gpt2_supr
714,<|endoftext|>,14.529550552368164,gpt2_supr
715,The,0.0,gpt2_supr
716, nurse,14.692875862121582,gpt2_supr
717, almost,12.219037055969238,gpt2_supr
718, forgot,8.148324966430664,gpt2_supr
719, which,9.420174598693848,gpt2_supr
720, acid,16.159238815307617,gpt2_supr
721, and,8.088796615600586,gpt2_supr
722, which,1.64241361618042,gpt2_supr
723, tool,14.362899780273438,gpt2_supr
724, the,6.5173492431640625,gpt2_supr
725, dentist,8.269377708435059,gpt2_supr
726, carried,10.799307823181152,gpt2_supr
727, something,17.319759368896484,gpt2_supr
728, during,10.153036117553713,gpt2_supr
729, the,1.582204818725586,gpt2_supr
730, holidays,14.406082153320312,gpt2_supr
731,.,10.410039901733398,gpt2_supr
732,<|endoftext|>,13.919243812561035,gpt2_supr
733,The,0.0,gpt2_supr
734, assistant,14.236419677734377,gpt2_supr
735, clearly,16.625452041625977,gpt2_supr
736, forgot,11.417880058288574,gpt2_supr
737, which,7.353405475616455,gpt2_supr
738, fraud,18.020606994628903,gpt2_supr
739, and,7.808939456939697,gpt2_supr
740, which,4.330972671508789,gpt2_supr
741, crisis,11.379791259765623,gpt2_supr
742, the,5.456820964813232,gpt2_supr
743, economist,12.317916870117188,gpt2_supr
744, prevented,16.55525016784668,gpt2_supr
745, something,15.493956565856934,gpt2_supr
746, in,6.631850242614746,gpt2_supr
747, the,1.8078964948654177,gpt2_supr
748, morning,11.315457344055176,gpt2_supr
749,.,10.225881576538086,gpt2_supr
750,<|endoftext|>,13.501924514770508,gpt2_supr
751,The,0.0,gpt2_supr
752, waiter,16.28982162475586,gpt2_supr
753, gradually,16.131105422973633,gpt2_supr
754, forgot,10.9144287109375,gpt2_supr
755, which,9.529081344604492,gpt2_supr
756, beer,8.78005599975586,gpt2_supr
757, and,7.227210998535156,gpt2_supr
758, which,1.689663648605347,gpt2_supr
759, wine,3.1401853561401367,gpt2_supr
760, the,5.858591556549072,gpt2_supr
761, customer,3.727495670318603,gpt2_supr
762, bought,7.272586345672607,gpt2_supr
763, something,15.37822723388672,gpt2_supr
764, in,5.361828804016113,gpt2_supr
765, the,4.109285831451416,gpt2_supr
766, evening,6.385563373565674,gpt2_supr
767,.,11.0952730178833,gpt2_supr
768,<|endoftext|>,14.059209823608398,gpt2_supr
769,The,0.0,gpt2_supr
770, drivers,14.505780220031738,gpt2_supr
771, stupidly,17.553110122680664,gpt2_supr
772, forgot,6.268310546875,gpt2_supr
773, which,8.095632553100586,gpt2_supr
774, bird,13.05645751953125,gpt2_supr
775, and,8.916498184204102,gpt2_supr
776, which,1.6474404335021973,gpt2_supr
777, dog,5.933265209197998,gpt2_supr
778, the,7.4903035163879395,gpt2_supr
779, gardener,12.06888484954834,gpt2_supr
780, saved,9.199317932128906,gpt2_supr
781, something,15.58981990814209,gpt2_supr
782, during,10.324519157409668,gpt2_supr
783, the,2.0021655559539795,gpt2_supr
784, weekend,6.49099588394165,gpt2_supr
785,.,9.965985298156738,gpt2_supr
786,<|endoftext|>,13.551678657531738,gpt2_supr
787,The,0.0,gpt2_supr
788, inspector,15.035024642944336,gpt2_supr
789, foolishly,23.275901794433594,gpt2_supr
790, forgot,7.233493804931641,gpt2_supr
791, which,9.271944046020508,gpt2_supr
792, knife,10.414236068725586,gpt2_supr
793, and,7.148577690124512,gpt2_supr
794, which,2.4700846672058105,gpt2_supr
795, spoon,8.003649711608887,gpt2_supr
796, the,5.478931427001953,gpt2_supr
797, prisoner,8.936866760253906,gpt2_supr
798, discovered,12.239500045776367,gpt2_supr
799, something,13.846927642822266,gpt2_supr
800, in,3.424830675125122,gpt2_supr
801, the,1.6179646253585815,gpt2_supr
802, evening,11.495049476623535,gpt2_supr
803,.,12.329033851623535,gpt2_supr
804,<|endoftext|>,13.476522445678713,gpt2_supr
805,The,0.0,gpt2_supr
806, intern,15.653347969055176,gpt2_supr
807, stupidly,20.66103172302246,gpt2_supr
808, forgot,6.330089092254639,gpt2_supr
809, which,8.509127616882324,gpt2_supr
810, tissue,14.22824478149414,gpt2_supr
811, and,8.00058364868164,gpt2_supr
812, which,2.4522452354431152,gpt2_supr
813, tumor,10.133381843566896,gpt2_supr
814, the,6.458237648010254,gpt2_supr
815, surgeon,6.370491981506348,gpt2_supr
816, found,8.825445175170898,gpt2_supr
817, something,11.678513526916504,gpt2_supr
818, in,3.0189900398254395,gpt2_supr
819, the,4.79486083984375,gpt2_supr
820, evening,10.322171211242676,gpt2_supr
821,.,10.873451232910156,gpt2_supr
822,<|endoftext|>,15.034363746643066,gpt2_supr
823,The,0.0,gpt2_supr
824, archaeologist,16.70294761657715,gpt2_supr
825, regrettably,21.113201141357425,gpt2_supr
826, forgot,5.794313430786133,gpt2_supr
827, which,9.88053035736084,gpt2_supr
828, fossil,10.67788791656494,gpt2_supr
829, and,9.016529083251951,gpt2_supr
830, which,0.8688991665840149,gpt2_supr
831, relic,11.630788803100586,gpt2_supr
832, the,7.411176681518555,gpt2_supr
833, excavator,9.670531272888184,gpt2_supr
834, ruined,17.009424209594727,gpt2_supr
835, something,13.571330070495604,gpt2_supr
836, in,5.325063228607178,gpt2_supr
837, the,2.489351749420166,gpt2_supr
838, morning,9.830939292907717,gpt2_supr
839,.,10.190895080566406,gpt2_supr
840,<|endoftext|>,13.12574577331543,gpt2_supr
841,The,0.0,gpt2_supr
842, publisher,13.935882568359377,gpt2_supr
843, almost,15.611283302307127,gpt2_supr
844, explained,14.15142822265625,gpt2_supr
845, which,12.4920072555542,gpt2_supr
846, acknowledgement,19.43996238708496,gpt2_supr
847, and,7.6765875816345215,gpt2_supr
848, which,4.390095233917236,gpt2_supr
849, story,9.610565185546877,gpt2_supr
850, the,4.933022975921631,gpt2_supr
851, writer,6.543495178222656,gpt2_supr
852, highlighted,14.986515045166016,gpt2_supr
853, something,15.969976425170898,gpt2_supr
854, during,9.979209899902344,gpt2_supr
855, the,1.3707715272903442,gpt2_supr
856, weekend,9.496442794799805,gpt2_supr
857,.,10.557358741760254,gpt2_supr
858,<|endoftext|>,15.32630729675293,gpt2_supr
859,The,0.0,gpt2_supr
860, employer,15.666671752929688,gpt2_supr
861, totally,17.34709930419922,gpt2_supr
862, explained,11.74344253540039,gpt2_supr
863, which,11.446992874145508,gpt2_supr
864, contract,9.140751838684082,gpt2_supr
865, and,6.818094730377197,gpt2_supr
866, which,4.172235012054443,gpt2_supr
867, report,13.10780143737793,gpt2_supr
868, the,5.421367645263672,gpt2_supr
869, colleague,13.272512435913086,gpt2_supr
870, eliminated,17.485008239746094,gpt2_supr
871, something,14.731292724609377,gpt2_supr
872, in,5.771310806274414,gpt2_supr
873, the,1.9691460132598877,gpt2_supr
874, morning,9.770882606506348,gpt2_supr
875,.,9.666284561157228,gpt2_supr
876,<|endoftext|>,14.68381118774414,gpt2_supr
877,The,0.0,gpt2_supr
878, critic,16.8335018157959,gpt2_supr
879, carefully,16.070783615112305,gpt2_supr
880, explained,7.674079418182373,gpt2_supr
881, which,9.344696044921877,gpt2_supr
882, house,12.224116325378418,gpt2_supr
883, and,6.007026195526123,gpt2_supr
884, which,1.8599718809127808,gpt2_supr
885, garden,11.258955955505373,gpt2_supr
886, the,5.696949005126953,gpt2_supr
887, architect,9.702632904052734,gpt2_supr
888, destroyed,12.108038902282717,gpt2_supr
889, something,15.846034049987791,gpt2_supr
890, during,9.623952865600586,gpt2_supr
891, the,1.7966619729995728,gpt2_supr
892, holidays,12.839092254638672,gpt2_supr
893,.,10.576663970947266,gpt2_supr
894,<|endoftext|>,13.268041610717772,gpt2_supr
895,The,0.0,gpt2_supr
896, landlord,14.06236743927002,gpt2_supr
897, promptly,14.48781681060791,gpt2_supr
898, explained,10.139906883239746,gpt2_supr
899, which,12.404247283935549,gpt2_supr
900, notice,11.810491561889648,gpt2_supr
901, and,6.726320743560791,gpt2_supr
902, which,5.3133697509765625,gpt2_supr
903, mail,10.214482307434082,gpt2_supr
904, the,7.442322254180908,gpt2_supr
905, tenant,1.6943515539169312,gpt2_supr
906, ignored,11.736387252807615,gpt2_supr
907, something,17.329578399658203,gpt2_supr
908, in,5.503489971160889,gpt2_supr
909, the,1.1259759664535522,gpt2_supr
910, afternoon,13.93003749847412,gpt2_supr
911,.,11.489579200744627,gpt2_supr
912,<|endoftext|>,14.675297737121582,gpt2_supr
913,The,0.0,gpt2_supr
914, boss,12.989322662353516,gpt2_supr
915, slowly,18.90482521057129,gpt2_supr
916, explained,10.449660301208496,gpt2_supr
917, which,10.375688552856444,gpt2_supr
918, room,9.421520233154297,gpt2_supr
919, and,6.3265461921691895,gpt2_supr
920, which,2.784733533859253,gpt2_supr
921, entrance,8.926177024841309,gpt2_supr
922, the,3.5321145057678223,gpt2_supr
923, designer,14.500809669494627,gpt2_supr
924, designed,9.580940246582031,gpt2_supr
925, something,11.416388511657717,gpt2_supr
926, during,11.443556785583496,gpt2_supr
927, the,1.8189337253570557,gpt2_supr
928, holidays,13.559064865112305,gpt2_supr
929,.,10.781744956970217,gpt2_supr
930,<|endoftext|>,14.11580753326416,gpt2_supr
931,The,0.0,gpt2_supr
932, critic,16.8335018157959,gpt2_supr
933, gradually,17.747650146484375,gpt2_supr
934, explained,9.988102912902832,gpt2_supr
935, which,11.003779411315918,gpt2_supr
936, painting,14.800460815429688,gpt2_supr
937, and,6.651060104370117,gpt2_supr
938, which,3.084343910217285,gpt2_supr
939, sketch,8.817681312561035,gpt2_supr
940, the,6.737759113311768,gpt2_supr
941, painters,9.231664657592772,gpt2_supr
942, modified,13.823955535888672,gpt2_supr
943, something,13.824456214904783,gpt2_supr
944, in,3.0781090259552,gpt2_supr
945, the,2.475744247436523,gpt2_supr
946, morning,12.274142265319824,gpt2_supr
947,.,11.700393676757812,gpt2_supr
948,<|endoftext|>,14.536993980407717,gpt2_supr
949,The,0.0,gpt2_supr
950, cleaner,18.0574893951416,gpt2_supr
951, obviously,13.950350761413574,gpt2_supr
952, knew,5.0480637550354,gpt2_supr
953, which,7.996410846710205,gpt2_supr
954, letter,11.725040435791016,gpt2_supr
955, and,6.360727787017822,gpt2_supr
956, which,3.59397292137146,gpt2_supr
957, document,12.33810329437256,gpt2_supr
958, the,5.7775959968566895,gpt2_supr
959, resident,12.147089958190918,gpt2_supr
960, identified,9.794459342956545,gpt2_supr
961, in,4.603991985321045,gpt2_supr
962, the,1.2755578756332395,gpt2_supr
963, morning,11.937178611755373,gpt2_supr
964,.,12.797480583190918,gpt2_supr
965,<|endoftext|>,15.35068416595459,gpt2_supr
966,The,0.0,gpt2_supr
967, victim,11.845145225524902,gpt2_supr
968, clearly,13.884114265441896,gpt2_supr
969, knew,4.918805122375488,gpt2_supr
970, which,8.957554817199707,gpt2_supr
971, gun,7.076053142547607,gpt2_supr
972, and,7.592154026031494,gpt2_supr
973, which,1.2483234405517578,gpt2_supr
974, knife,5.737239360809326,gpt2_supr
975, the,5.197157859802246,gpt2_supr
976, murderer,6.469597339630127,gpt2_supr
977, held,8.017386436462402,gpt2_supr
978, in,2.5884969234466553,gpt2_supr
979, the,4.073301315307617,gpt2_supr
980, evening,12.594148635864258,gpt2_supr
981,.,13.21554470062256,gpt2_supr
982,<|endoftext|>,13.290268898010254,gpt2_supr
983,The,0.0,gpt2_supr
984, professor,13.283145904541016,gpt2_supr
985, totally,16.5474853515625,gpt2_supr
986, knew,6.66673469543457,gpt2_supr
987, which,7.8286213874816895,gpt2_supr
988, equipment,12.49484920501709,gpt2_supr
989, and,6.6913299560546875,gpt2_supr
990, which,3.4182310104370117,gpt2_supr
991, program,9.152816772460938,gpt2_supr
992, the,5.65556526184082,gpt2_supr
993, scientist,11.58241844177246,gpt2_supr
994, installed,10.469056129455566,gpt2_supr
995, during,6.812264442443848,gpt2_supr
996, the,1.3570318222045898,gpt2_supr
997, weekend,12.25669765472412,gpt2_supr
998,.,11.80874729156494,gpt2_supr
999,<|endoftext|>,15.15426254272461,gpt2_supr
1000,The,0.0,gpt2_supr
1001, policeman,16.035429000854492,gpt2_supr
1002, stupidly,19.21550178527832,gpt2_supr
1003, knew,11.7320556640625,gpt2_supr
1004, which,7.668206214904785,gpt2_supr
1005, meat,14.237168312072754,gpt2_supr
1006, and,6.473088264465332,gpt2_supr
1007, which,2.9017579555511475,gpt2_supr
1008, sausage,8.289657592773438,gpt2_supr
1009, the,6.893545627593994,gpt2_supr
1010, butcher,10.693288803100586,gpt2_supr
1011, recognized,17.067546844482422,gpt2_supr
1012, in,6.533562660217285,gpt2_supr
1013, the,1.284132719039917,gpt2_supr
1014, shop,3.736350059509278,gpt2_supr
1015, in,7.591957092285156,gpt2_supr
1016, the,2.6371982097625732,gpt2_supr
1017, morning,4.128049373626709,gpt2_supr
1018,.,11.304804801940918,gpt2_supr
1019,<|endoftext|>,13.55690574645996,gpt2_supr
1020,The,0.0,gpt2_supr
1021, coach,13.216989517211914,gpt2_supr
1022, regrettably,21.84473991394043,gpt2_supr
1023, knew,9.119287490844728,gpt2_supr
1024, which,8.872431755065918,gpt2_supr
1025, ball,8.07945442199707,gpt2_supr
1026, and,7.826896667480469,gpt2_supr
1027, which,0.994503617286682,gpt2_supr
1028, bat,5.1005449295043945,gpt2_supr
1029, the,6.175149917602539,gpt2_supr
1030, pupil,12.395707130432127,gpt2_supr
1031, caught,10.123672485351562,gpt2_supr
1032, during,6.0290069580078125,gpt2_supr
1033, the,1.4174578189849854,gpt2_supr
1034, weekend,11.262158393859863,gpt2_supr
1035,.,12.44004726409912,gpt2_supr
1036,<|endoftext|>,13.064425468444824,gpt2_supr
1037,The,0.0,gpt2_supr
1038, associate,17.001256942749023,gpt2_supr
1039, totally,19.644121170043945,gpt2_supr
1040, knew,8.038739204406738,gpt2_supr
1041, which,7.795199394226074,gpt2_supr
1042, document,14.447449684143066,gpt2_supr
1043, and,8.279589653015137,gpt2_supr
1044, which,1.5028492212295532,gpt2_supr
1045, information,7.037478923797607,gpt2_supr
1046, the,5.458401203155518,gpt2_supr
1047, accountant,14.196918487548828,gpt2_supr
1048, unveiled,17.6844482421875,gpt2_supr
1049, in,4.057852268218994,gpt2_supr
1050, the,2.8722546100616455,gpt2_supr
1051, afternoon,9.227405548095703,gpt2_supr
1052,.,11.391242980957031,gpt2_supr
1053,<|endoftext|>,13.991469383239746,gpt2_supr
1054,The,0.0,gpt2_supr
1055, author,10.091313362121582,gpt2_supr
1056, obviously,12.821762084960938,gpt2_supr
1057, knew,5.8588337898254395,gpt2_supr
1058, which,8.450801849365234,gpt2_supr
1059, novel,10.558987617492676,gpt2_supr
1060, and,8.279624938964844,gpt2_supr
1061, which,1.6233882904052734,gpt2_supr
1062, essay,8.354756355285645,gpt2_supr
1063, the,7.548102378845215,gpt2_supr
1064, editor,7.646395683288574,gpt2_supr
1065, praised,15.976238250732422,gpt2_supr
1066, during,7.9091715812683105,gpt2_supr
1067, the,1.1649774312973022,gpt2_supr
1068, holidays,14.126413345336914,gpt2_supr
1069,.,11.57388687133789,gpt2_supr
1070,<|endoftext|>,14.365290641784668,gpt2_supr
1071,The,0.0,gpt2_supr
1072, nurse,14.692875862121582,gpt2_supr
1073, almost,12.219037055969238,gpt2_supr
1074, forgot,8.148324966430664,gpt2_supr
1075, which,9.420174598693848,gpt2_supr
1076, acid,16.159238815307617,gpt2_supr
1077, and,8.088796615600586,gpt2_supr
1078, which,1.64241361618042,gpt2_supr
1079, tool,14.362899780273438,gpt2_supr
1080, the,6.5173492431640625,gpt2_supr
1081, dentist,8.269377708435059,gpt2_supr
1082, carried,10.799307823181152,gpt2_supr
1083, during,6.694577217102051,gpt2_supr
1084, the,1.9160841703414917,gpt2_supr
1085, holidays,14.75222110748291,gpt2_supr
1086,.,10.90046215057373,gpt2_supr
1087,<|endoftext|>,13.996111869812012,gpt2_supr
1088,The,0.0,gpt2_supr
1089, assistant,14.236419677734377,gpt2_supr
1090, clearly,16.625452041625977,gpt2_supr
1091, forgot,11.417880058288574,gpt2_supr
1092, which,7.353405475616455,gpt2_supr
1093, fraud,18.020606994628903,gpt2_supr
1094, and,7.808939456939697,gpt2_supr
1095, which,4.330972671508789,gpt2_supr
1096, crisis,11.379791259765623,gpt2_supr
1097, the,5.456820964813232,gpt2_supr
1098, economist,12.317916870117188,gpt2_supr
1099, prevented,16.55525016784668,gpt2_supr
1100, in,7.748953342437744,gpt2_supr
1101, the,2.5256125926971436,gpt2_supr
1102, morning,10.387831687927246,gpt2_supr
1103,.,11.174915313720703,gpt2_supr
1104,<|endoftext|>,13.604351043701172,gpt2_supr
1105,The,0.0,gpt2_supr
1106, waiter,16.28982162475586,gpt2_supr
1107, gradually,16.131105422973633,gpt2_supr
1108, forgot,10.9144287109375,gpt2_supr
1109, which,9.529081344604492,gpt2_supr
1110, beer,8.78005599975586,gpt2_supr
1111, and,7.227210998535156,gpt2_supr
1112, which,1.689663648605347,gpt2_supr
1113, wine,3.1401853561401367,gpt2_supr
1114, the,5.858591556549072,gpt2_supr
1115, customer,3.727495670318603,gpt2_supr
1116, bought,7.272586345672607,gpt2_supr
1117, in,6.0582098960876465,gpt2_supr
1118, the,1.6396864652633667,gpt2_supr
1119, evening,6.667240142822266,gpt2_supr
1120,.,11.192904472351074,gpt2_supr
1121,<|endoftext|>,14.006482124328612,gpt2_supr
1122,The,0.0,gpt2_supr
1123, drivers,14.505780220031738,gpt2_supr
1124, stupidly,17.553110122680664,gpt2_supr
1125, forgot,6.268310546875,gpt2_supr
1126, which,8.095632553100586,gpt2_supr
1127, bird,13.05645751953125,gpt2_supr
1128, and,8.916498184204102,gpt2_supr
1129, which,1.6474404335021973,gpt2_supr
1130, dog,5.933265209197998,gpt2_supr
1131, the,7.4903035163879395,gpt2_supr
1132, gardener,12.06888484954834,gpt2_supr
1133, saved,9.199317932128906,gpt2_supr
1134, during,6.002917766571045,gpt2_supr
1135, the,2.1791725158691406,gpt2_supr
1136, weekend,6.398038864135742,gpt2_supr
1137,.,10.682509422302246,gpt2_supr
1138,<|endoftext|>,13.374903678894045,gpt2_supr
1139,The,0.0,gpt2_supr
1140, inspector,15.035024642944336,gpt2_supr
1141, foolishly,23.275901794433594,gpt2_supr
1142, forgot,7.233493804931641,gpt2_supr
1143, which,9.271944046020508,gpt2_supr
1144, knife,10.414236068725586,gpt2_supr
1145, and,7.148577690124512,gpt2_supr
1146, which,2.4700846672058105,gpt2_supr
1147, spoon,8.003649711608887,gpt2_supr
1148, the,5.478931427001953,gpt2_supr
1149, prisoner,8.936866760253906,gpt2_supr
1150, discovered,12.239500045776367,gpt2_supr
1151, in,3.2048499584198,gpt2_supr
1152, the,1.36426842212677,gpt2_supr
1153, evening,11.20997428894043,gpt2_supr
1154,.,12.317296028137209,gpt2_supr
1155,<|endoftext|>,13.494050979614258,gpt2_supr
1156,The,0.0,gpt2_supr
1157, intern,15.653347969055176,gpt2_supr
1158, stupidly,20.66103172302246,gpt2_supr
1159, forgot,6.330089092254639,gpt2_supr
1160, which,8.509127616882324,gpt2_supr
1161, tissue,14.22824478149414,gpt2_supr
1162, and,8.00058364868164,gpt2_supr
1163, which,2.4522452354431152,gpt2_supr
1164, tumor,10.133381843566896,gpt2_supr
1165, the,6.458237648010254,gpt2_supr
1166, surgeon,6.370491981506348,gpt2_supr
1167, found,8.825445175170898,gpt2_supr
1168, in,3.177562713623047,gpt2_supr
1169, the,3.514702796936035,gpt2_supr
1170, evening,13.171137809753418,gpt2_supr
1171,.,12.382625579833984,gpt2_supr
1172,<|endoftext|>,14.944878578186035,gpt2_supr
1173,The,0.0,gpt2_supr
1174, archaeologist,16.70294761657715,gpt2_supr
1175, regrettably,21.113201141357425,gpt2_supr
1176, forgot,5.794313430786133,gpt2_supr
1177, which,9.88053035736084,gpt2_supr
1178, fossil,10.67788791656494,gpt2_supr
1179, and,9.016529083251951,gpt2_supr
1180, which,0.8688991665840149,gpt2_supr
1181, relic,11.630788803100586,gpt2_supr
1182, the,7.411176681518555,gpt2_supr
1183, excavator,9.670531272888184,gpt2_supr
1184, ruined,17.009424209594727,gpt2_supr
1185, in,5.058755874633789,gpt2_supr
1186, the,2.0518338680267334,gpt2_supr
1187, morning,9.482748985290527,gpt2_supr
1188,.,10.360899925231934,gpt2_supr
1189,<|endoftext|>,13.184435844421388,gpt2_supr
1190,The,0.0,gpt2_supr
1191, publisher,13.935882568359377,gpt2_supr
1192, almost,15.611283302307127,gpt2_supr
1193, explained,14.15142822265625,gpt2_supr
1194, which,12.4920072555542,gpt2_supr
1195, acknowledgement,19.43996238708496,gpt2_supr
1196, and,7.6765875816345215,gpt2_supr
1197, which,4.390095233917236,gpt2_supr
1198, story,9.610565185546877,gpt2_supr
1199, the,4.933022975921631,gpt2_supr
1200, writer,6.543495178222656,gpt2_supr
1201, highlighted,14.986515045166016,gpt2_supr
1202, during,5.787777900695801,gpt2_supr
1203, the,1.5889103412628174,gpt2_supr
1204, weekend,8.894810676574707,gpt2_supr
1205,.,11.191295623779297,gpt2_supr
1206,<|endoftext|>,14.894960403442385,gpt2_supr
1207,The,0.0,gpt2_supr
1208, employer,15.666671752929688,gpt2_supr
1209, totally,17.34709930419922,gpt2_supr
1210, explained,11.74344253540039,gpt2_supr
1211, which,11.446992874145508,gpt2_supr
1212, contract,9.140751838684082,gpt2_supr
1213, and,6.818094730377197,gpt2_supr
1214, which,4.172235012054443,gpt2_supr
1215, report,13.10780143737793,gpt2_supr
1216, the,5.421367645263672,gpt2_supr
1217, colleague,13.272512435913086,gpt2_supr
1218, eliminated,17.485008239746094,gpt2_supr
1219, in,4.705094337463379,gpt2_supr
1220, the,2.3804030418395996,gpt2_supr
1221, morning,9.117939949035645,gpt2_supr
1222,.,9.846622467041016,gpt2_supr
1223,<|endoftext|>,14.547694206237791,gpt2_supr
1224,The,0.0,gpt2_supr
1225, critic,16.8335018157959,gpt2_supr
1226, carefully,16.070783615112305,gpt2_supr
1227, explained,7.674079418182373,gpt2_supr
1228, which,9.344696044921877,gpt2_supr
1229, house,12.224116325378418,gpt2_supr
1230, and,6.007026195526123,gpt2_supr
1231, which,1.8599718809127808,gpt2_supr
1232, garden,11.258955955505373,gpt2_supr
1233, the,5.696949005126953,gpt2_supr
1234, architect,9.702632904052734,gpt2_supr
1235, destroyed,12.108038902282717,gpt2_supr
1236, during,7.553421497344971,gpt2_supr
1237, the,1.7062212228775024,gpt2_supr
1238, holidays,13.84580421447754,gpt2_supr
1239,.,10.896268844604492,gpt2_supr
1240,<|endoftext|>,13.014481544494627,gpt2_supr
1241,The,0.0,gpt2_supr
1242, landlord,14.06236743927002,gpt2_supr
1243, promptly,14.48781681060791,gpt2_supr
1244, explained,10.139906883239746,gpt2_supr
1245, which,12.404247283935549,gpt2_supr
1246, notice,11.810491561889648,gpt2_supr
1247, and,6.726320743560791,gpt2_supr
1248, which,5.3133697509765625,gpt2_supr
1249, mail,10.214482307434082,gpt2_supr
1250, the,7.442322254180908,gpt2_supr
1251, tenant,1.6943515539169312,gpt2_supr
1252, ignored,11.736387252807615,gpt2_supr
1253, in,5.912203788757324,gpt2_supr
1254, the,2.8865816593170166,gpt2_supr
1255, afternoon,12.572656631469728,gpt2_supr
1256,.,11.91566562652588,gpt2_supr
1257,<|endoftext|>,14.594162940979004,gpt2_supr
1258,The,0.0,gpt2_supr
1259, boss,12.989322662353516,gpt2_supr
1260, slowly,18.90482521057129,gpt2_supr
1261, explained,10.449660301208496,gpt2_supr
1262, which,10.375688552856444,gpt2_supr
1263, room,9.421520233154297,gpt2_supr
1264, and,6.3265461921691895,gpt2_supr
1265, which,2.784733533859253,gpt2_supr
1266, entrance,8.926177024841309,gpt2_supr
1267, the,3.5321145057678223,gpt2_supr
1268, designer,14.500809669494627,gpt2_supr
1269, designed,9.580940246582031,gpt2_supr
1270, during,9.592612266540527,gpt2_supr
1271, the,1.9253029823303225,gpt2_supr
1272, holidays,13.83367156982422,gpt2_supr
1273,.,10.9715576171875,gpt2_supr
1274,<|endoftext|>,13.879505157470703,gpt2_supr
1275,The,0.0,gpt2_supr
1276, critic,16.8335018157959,gpt2_supr
1277, gradually,17.747650146484375,gpt2_supr
1278, explained,9.988102912902832,gpt2_supr
1279, which,11.003779411315918,gpt2_supr
1280, painting,14.800460815429688,gpt2_supr
1281, and,6.651060104370117,gpt2_supr
1282, which,3.084343910217285,gpt2_supr
1283, sketch,8.817681312561035,gpt2_supr
1284, the,6.737759113311768,gpt2_supr
1285, painters,9.231664657592772,gpt2_supr
1286, modified,13.823955535888672,gpt2_supr
1287, in,3.7751986980438232,gpt2_supr
1288, the,3.0452985763549805,gpt2_supr
1289, morning,10.426275253295898,gpt2_supr
1290,.,11.994555473327637,gpt2_supr
1291,<|endoftext|>,14.359338760375977,gpt2_supr
