The	0.00
 cleaner	18.0574893951416
 obviously	13.950350761413574
 knew	5.0480637550354
 that	3.2662878036499023
 the	2.927645683288574
 resident	12.500054359436035
 identified	13.832551956176758
 the	4.28641414642334
 chest	14.563148498535156
 of	4.235966682434082
 documents	11.066054344177246
 in	3.9658498764038086
 the	1.4734153747558594
 hall	10.973102569580078
 last	11.269854545593262
 month	4.37069034576416
.	12.539210319519043
<|endoftext|>	14.929221153259277
The	0.00
 victim	11.845145225524902
 clearly	13.884114265441895
 knew	4.918805122375488
 that	3.232938051223755
 the	3.037311315536499
 murderer	8.575479507446289
 noticed	15.123564720153809
 the	3.367870330810547
 pool	13.401715278625488
 of	2.071871042251587
 blood	0.12863551080226898
 in	3.06119704246521
 the	0.8860813975334167
 prison	13.125649452209473
 last	13.171028137207031
 night	2.0344078540802
.	10.841463088989258
<|endoftext|>	13.050251960754395
The	0.00
 professor	13.283145904541016
 totally	16.5474853515625
 knew	6.66673469543457
 that	4.983978748321533
 the	3.5162036418914795
 scientist	12.146632194519043
 instructed	15.974579811096191
 the	4.057319641113281
 teams	13.383544921875
 of	3.4300661087036133
 students	3.7835536003112793
 in	4.70360803604126
 the	2.0048828125
 building	8.18247127532959
 on	5.865917205810547
 Monday	7.652878284454346
.	13.103382110595703
<|endoftext|>	13.391459465026855
The	0.00
 policeman	16.035429000854492
 stupidly	19.21550178527832
 knew	11.7320556640625
 that	2.1803252696990967
 the	3.0042028427124023
 butcher	15.647738456726074
 recognized	15.22930908203125
 the	3.235435962677002
 tin	13.917009353637695
 of	4.812826156616211
 meat	4.0659565925598145
 in	3.817598581314087
 the	1.3052847385406494
 shop	4.824268817901611
 last	11.651473999023438
 month	5.0518035888671875
.	11.342945098876953
<|endoftext|>	12.754058837890625
The	0.00
 coach	13.216989517211914
 regrettably	21.84473991394043
 knew	9.119287490844727
 that	2.3238940238952637
 the	3.212360143661499
 pupil	12.289905548095703
 indicated	14.551383018493652
 the	5.634715557098389
 block	14.58105182647705
 of	3.2166695594787598
 text	7.774138927459717
 in	3.9020819664001465
 the	2.0948269367218018
 study	9.944452285766602
 this	11.580190658569336
 morning	0.7911376953125
.	11.038883209228516
<|endoftext|>	13.115633010864258
The	0.00
 associate	17.001256942749023
 obviously	18.437591552734375
 knew	4.732955455780029
 that	3.139204978942871
 the	3.2234528064727783
 accountant	14.072806358337402
 hid	14.52263069152832
 the	2.3399736881256104
 pile	14.239909172058105
 of	0.1696057766675949
 documents	5.135918617248535
 in	2.459860324859619
 the	1.7173848152160645
 office	4.342368125915527
 yesterday	13.49593448638916
.	11.152917861938477
<|endoftext|>	14.876631736755371
The	0.00
 author	10.091313362121582
 regrettably	19.163402557373047
 knew	9.731768608093262
 that	2.2526535987854004
 the	3.3024394512176514
 editor	10.223958015441895
 recorded	16.151966094970703
 the	2.424894094467163
 techniques	15.622810363769531
 of	2.6773900985717773
 painting	9.049612045288086
 in	3.7469401359558105
 the	2.4527876377105713
 studio	4.810281276702881
 today	13.15954875946045
.	10.883990287780762
<|endoftext|>	13.746357917785645
The	0.00
 applicant	15.691343307495117
 almost	17.198396682739258
 forgot	8.983743667602539
 that	3.1334431171417236
 the	3.3416550159454346
 dentist	12.627357482910156
 dropped	12.441852569580078
 the	3.113715887069702
 samples	13.604666709899902
 of	3.020620107650757
 acid	10.086701393127441
 in	2.093100070953369
 the	1.4652096033096313
 laboratory	9.854133605957031
 last	8.331296920776367
 week	1.382477045059204
.	9.72553825378418
<|endoftext|>	14.651449203491211
The	0.00
 assistant	14.236419677734375
 clearly	16.625452041625977
 forgot	11.417880058288574
 that	3.113166332244873
 the	3.2931694984436035
 economist	16.640499114990234
 encouraged	15.383122444152832
 the	3.5997798442840576
 gang	12.825559616088867
 of	5.2491984367370605
 investors	9.886218070983887
 in	5.194185733795166
 the	2.081851005554199
 hall	11.860177040100098
 during	8.159204483032227
 the	1.2327165603637695
 meeting	4.763701915740967
.	11.642850875854492
<|endoftext|>	13.4158296585083
The	0.00
 waiter	16.28982162475586
 gradually	16.131105422973633
 forgot	10.9144287109375
 that	4.009247303009033
 the	3.4589760303497314
 customer	6.917399883270264
 drank	13.46296501159668
 the	3.567965269088745
 barrel	14.725194931030273
 of	0.6159274578094482
 beer	2.4686951637268066
 in	4.402562141418457
 the	2.1407291889190674
 pub	7.892303943634033
 last	8.801119804382324
 night	0.35590916872024536
.	10.623741149902344
<|endoftext|>	13.377769470214844
The	0.00
 drivers	14.505780220031738
 stupidly	17.553110122680664
 forgot	6.268310546875
 that	3.65331768989563
 the	3.0685999393463135
 gardener	16.504222869873047
 built	11.021989822387695
 the	2.2653071880340576
 structures	11.650530815124512
 of	5.944259166717529
 steel	11.547182083129883
 in	6.214117527008057
 the	1.606724500656128
 garden	6.009350299835205
 on	6.979819297790527
 Friday	8.72377872467041
.	9.967680931091309
<|endoftext|>	12.291487693786621
The	0.00
 inspector	15.035024642944336
 foolishly	23.275901794433594
 forgot	7.233493804931641
 that	3.461577892303467
 the	2.8876993656158447
 prisoner	12.62841796875
 discovered	13.3173246383667
 the	2.292009115219116
 sheet	11.83348274230957
 of	2.794511556625366
 plastic	8.86743450164795
 in	3.6097724437713623
 the	1.4673107862472534
 cell	4.520201683044434
 last	9.139018058776855
 night	1.5197852849960327
.	10.040168762207031
<|endoftext|>	13.587535858154297
The	0.00
 engineer	15.022146224975586
 stupidly	18.2403507232666
 forgot	5.396956920623779
 that	3.6486434936523438
 the	2.7765867710113525
 surgeon	14.982439994812012
 created	11.396031379699707
 the	1.9720511436462402
 layer	13.789724349975586
 of	0.9079431295394897
 tissue	5.700111389160156
 in	3.9587011337280273
 the	1.2466753721237183
 hospital	8.244640350341797
 during	7.977103233337402
 the	1.287158489227295
 operation	2.656486749649048
.	10.014431953430176
<|endoftext|>	14.010458946228027
The	0.00
 archaeologist	16.70294761657715
 regrettably	21.113201141357422
 forgot	5.794313430786133
 that	3.4162938594818115
 the	2.838931083679199
 excavator	9.232494354248047
 found	9.750187873840332
 the	2.5246188640594482
 group	11.76151180267334
 of	1.5517842769622803
 fossils	9.515623092651367
 on	4.931227684020996
 the	0.9721088409423828
 site	4.558689594268799
 last	9.072989463806152
 month	3.746535301208496
.	9.100345611572266
<|endoftext|>	12.868117332458496
The	0.00
 publisher	13.935882568359375
 almost	15.611283302307129
 explained	14.15142822265625
 that	5.247007846832275
 the	2.7200913429260254
 writer	10.306550979614258
 represented	13.571442604064941
 the	3.0710108280181885
 code	13.395641326904297
 of	1.9797353744506836
 conduct	1.2001115083694458
 in	4.470530033111572
 the	2.3403868675231934
 text	7.7957987785339355
 on	7.254827976226807
 Tuesday	7.722461700439453
.	9.380391120910645
<|endoftext|>	14.49445629119873
The	0.00
 employer	15.666671752929688
 totally	17.34709930419922
 explained	11.74344253540039
 that	4.667156219482422
 the	3.300915241241455
 colleague	13.61948013305664
 presented	11.86060619354248
 the	3.94795298576355
 copies	15.445414543151855
 of	0.8617035150527954
 contracts	10.814785957336426
 in	4.622851848602295
 the	2.8710062503814697
 building	9.347291946411133
 during	7.451667308807373
 the	1.4177802801132202
 meeting	4.027459621429443
.	10.752287864685059
<|endoftext|>	14.32356071472168
The	0.00
 critic	16.8335018157959
 carefully	16.070783615112305
 explained	7.674079418182373
 that	2.1140835285186768
 the	2.505039691925049
 architect	13.127256393432617
 designed	9.959726333618164
 the	1.1588977575302124
 suite	12.046161651611328
 of	2.5249111652374268
 rooms	4.216915130615234
 in	2.9616711139678955
 Italy	12.385326385498047
 last	11.624675750732422
 year	0.7328875660896301
.	13.526862144470215
<|endoftext|>	13.414761543273926
The	0.00
 landlord	14.06236743927002
 promptly	14.48781681060791
 explained	10.139906883239746
 that	1.1548261642456055
 the	2.066373109817505
 photographer	13.944558143615723
 removed	12.335129737854004
 the	1.4137800931930542
 box	9.682849884033203
 of	2.2134032249450684
 cash	10.761788368225098
 in	4.85448694229126
 the	2.1119439601898193
 house	6.169737815856934
 yesterday	10.824088096618652
.	12.532926559448242
<|endoftext|>	14.28052806854248
The	0.00
 boss	12.989322662353516
 slowly	18.90482521057129
 explained	10.449660301208496
 that	3.5120015144348145
 the	2.571570634841919
 journalist	14.334047317504883
 ordered	13.701282501220703
 the	2.7666335105895996
 drink	10.83728313446045
 of	8.525240898132324
 wine	7.334034442901611
 in	4.771190166473389
 the	2.2587215900421143
 bar	6.121236324310303
 last	8.424201965332031
 week	3.1385817527770996
.	12.333891868591309
<|endoftext|>	14.286935806274414
The	0.00
 critic	16.8335018157959
 gradually	17.747650146484375
 explained	9.988102912902832
 that	2.2459609508514404
 the	2.4249796867370605
 guests	15.199533462524414
 consulted	13.973692893981934
 the	4.066971778869629
 index	12.170049667358398
 of	2.1807572841644287
 records	12.262873649597168
 in	4.177204608917236
 the	1.4768115282058716
 village	10.161909103393555
 last	12.437112808227539
 month	4.3343634605407715
.	12.255902290344238
<|endoftext|>	14.050466537475586
The	0.00
 cleaner	18.0574893951416
 obviously	13.950350761413574
 knew	5.0480637550354
 why	8.346628189086914
 the	3.473863363265991
 resident	12.003851890563965
 identified	12.673479080200195
 the	3.95065975189209
 chest	14.141312599182129
 of	4.777638912200928
 documents	11.795171737670898
 in	4.166746139526367
 the	1.3337329626083374
 hall	10.90937614440918
 last	10.269898414611816
 month	4.193572998046875
.	11.503805160522461
<|endoftext|>	14.220992088317871
The	0.00
 victim	11.845145225524902
 clearly	13.884114265441895
 knew	4.918805122375488
 why	7.472538948059082
 the	4.024818420410156
 murderer	9.127211570739746
 noticed	14.404572486877441
 the	4.133660316467285
 pool	12.402618408203125
 of	2.4317197799682617
 blood	0.10326941311359406
 in	2.803260087966919
 the	0.8211555480957031
 prison	13.472888946533203
 last	12.875640869140625
 night	2.7125864028930664
.	10.214268684387207
<|endoftext|>	12.69282054901123
The	0.00
 professor	13.283145904541016
 totally	16.5474853515625
 knew	6.66673469543457
 why	6.85805606842041
 the	3.7644333839416504
 scientist	12.194601058959961
 instructed	14.650639533996582
 the	3.3927581310272217
 teams	12.481501579284668
 of	3.558432102203369
 students	3.7316107749938965
 in	4.786279678344727
 the	1.9440044164657593
 building	7.8101935386657715
 on	5.77536678314209
 Monday	6.996882438659668
.	12.718984603881836
<|endoftext|>	12.94576644897461
The	0.00
 policeman	16.035429000854492
 stupidly	19.21550178527832
 knew	11.7320556640625
 why	8.28067398071289
 the	3.3835926055908203
 butcher	14.400229454040527
 recognized	15.454721450805664
 the	3.7163398265838623
 tin	14.305937767028809
 of	4.429384231567383
 meat	3.2942276000976562
 in	3.870755672454834
 the	1.2590543031692505
 shop	4.374056339263916
 last	10.897808074951172
 month	4.72934627532959
.	10.557480812072754
<|endoftext|>	12.836074829101562
The	0.00
 coach	13.216989517211914
 regrettably	21.84473991394043
 knew	9.119287490844727
 why	8.993298530578613
 the	3.692117214202881
 pupil	11.451894760131836
 indicated	14.29262924194336
 the	5.2531843185424805
 block	13.45921516418457
 of	3.4220283031463623
 text	7.188848495483398
 in	4.044236183166504
 the	1.8476684093475342
 study	9.181516647338867
 this	11.417840003967285
 morning	0.8004988431930542
.	10.553359985351562
<|endoftext|>	12.89515209197998
The	0.00
 associate	17.001256942749023
 obviously	18.437591552734375
 knew	4.732955455780029
 why	8.304275512695312
 the	3.9006741046905518
 accountant	13.771875381469727
 hid	11.870820999145508
 the	1.964642882347107
 pile	13.356263160705566
 of	0.17662470042705536
 documents	4.820593357086182
 in	2.5624094009399414
 the	1.1479300260543823
 office	4.2543816566467285
 yesterday	12.291332244873047
.	10.57482624053955
<|endoftext|>	13.780817985534668
The	0.00
 author	10.091313362121582
 regrettably	19.163402557373047
 knew	9.731768608093262
 why	11.812533378601074
 the	3.946322441101074
 editor	9.652836799621582
 recorded	15.028422355651855
 the	2.1022729873657227
 techniques	16.794288635253906
 of	3.115929126739502
 painting	10.122518539428711
 in	3.887988805770874
 the	2.189286231994629
 studio	5.873690128326416
 today	12.324886322021484
.	10.261801719665527
<|endoftext|>	13.440633773803711
The	0.00
 applicant	15.691343307495117
 almost	17.198396682739258
 forgot	8.983743667602539
 why	7.279595375061035
 the	6.104191303253174
 dentist	12.574687957763672
 dropped	10.385513305664062
 the	2.4861364364624023
 samples	15.89236068725586
 of	3.228569269180298
 acid	10.08956241607666
 in	1.960973858833313
 the	0.8204597234725952
 laboratory	10.144023895263672
 last	8.09742259979248
 week	1.5449907779693604
.	9.691473007202148
<|endoftext|>	14.690929412841797
The	0.00
 assistant	14.236419677734375
 clearly	16.625452041625977
 forgot	11.417880058288574
 why	8.771697998046875
 the	4.728307723999023
 economist	16.739830017089844
 encouraged	13.153238296508789
 the	3.5011870861053467
 gang	12.320478439331055
 of	5.28023624420166
 investors	9.618799209594727
 in	4.980974197387695
 the	2.1847991943359375
 hall	12.36928939819336
 during	7.856134414672852
 the	1.094408631324768
 meeting	4.580437183380127
.	11.253189086914062
<|endoftext|>	13.864886283874512
The	0.00
 waiter	16.28982162475586
 gradually	16.131105422973633
 forgot	10.9144287109375
 why	6.535812854766846
 the	5.607255458831787
 customer	6.970574855804443
 drank	11.662114143371582
 the	2.733362913131714
 barrel	14.872550010681152
 of	0.5474110841751099
 beer	2.4776389598846436
 in	4.628782272338867
 the	0.22666235268115997
 pub	10.17685604095459
 last	7.708869457244873
 night	0.4642934203147888
.	10.11595344543457
<|endoftext|>	13.24813175201416
The	0.00
 drivers	14.505780220031738
 stupidly	17.553110122680664
 forgot	6.268310546875
 why	9.396586418151855
 the	5.031904697418213
 gardener	17.495237350463867
 built	9.826567649841309
 the	1.6660773754119873
 structures	11.543477058410645
 of	6.6165595054626465
 steel	10.965036392211914
 in	6.116109371185303
 the	0.2016976922750473
 garden	10.936059951782227
 on	7.003486633300781
 Friday	7.325048446655273
.	9.733558654785156
<|endoftext|>	12.527059555053711
The	0.00
 inspector	15.035024642944336
 foolishly	23.275901794433594
 forgot	7.233493804931641
 why	10.693390846252441
 the	4.283934593200684
 prisoner	13.31447982788086
 discovered	13.368925094604492
 the	1.5250507593154907
 sheet	11.632636070251465
 of	2.8724770545959473
 plastic	8.410358428955078
 in	3.266570806503296
 the	0.6763481497764587
 cell	4.086908340454102
 last	8.494772911071777
 night	1.754863977432251
.	9.868622779846191
<|endoftext|>	13.944607734680176
The	0.00
 engineer	15.022146224975586
 stupidly	18.2403507232666
 forgot	5.396956920623779
 why	9.743037223815918
 the	4.512221336364746
 surgeon	15.625469207763672
 created	9.256936073303223
 the	1.699679970741272
 layer	13.265888214111328
 of	0.7602150440216064
 tissue	6.254734516143799
 in	3.2829508781433105
 the	0.47447261214256287
 hospital	8.630846977233887
 during	8.472530364990234
 the	1.3347421884536743
 operation	2.873145341873169
.	9.777518272399902
<|endoftext|>	13.97365665435791
The	0.00
 archaeologist	16.70294761657715
 regrettably	21.113201141357422
 forgot	5.794313430786133
 why	11.324353218078613
 the	4.260948181152344
 excavator	8.81344223022461
 found	7.863382339477539
 the	1.5218442678451538
 group	11.5955171585083
 of	1.642060399055481
 fossils	9.354386329650879
 on	5.5286173820495605
 the	0.7074181437492371
 site	4.215473175048828
 last	8.55685043334961
 month	3.7944443225860596
.	9.098062515258789
<|endoftext|>	13.334404945373535
The	0.00
 publisher	13.935882568359375
 almost	15.611283302307129
 explained	14.15142822265625
 why	2.9483842849731445
 the	3.682936191558838
 writer	10.171749114990234
 represented	15.154374122619629
 the	3.0432026386260986
 code	15.02437686920166
 of	2.0816826820373535
 conduct	1.0343544483184814
 in	3.2552850246429443
 the	2.367492914199829
 text	8.868695259094238
 on	7.063937187194824
 Tuesday	6.898152828216553
.	8.81383228302002
<|endoftext|>	13.645707130432129
The	0.00
 employer	15.666671752929688
 totally	17.34709930419922
 explained	11.74344253540039
 why	2.4335503578186035
 the	4.2665510177612305
 colleague	13.645600318908691
 presented	11.479742050170898
 the	3.4893736839294434
 copies	14.501813888549805
 of	0.6180998682975769
 contracts	10.83533763885498
 in	4.88270902633667
 the	2.055155038833618
 building	9.423126220703125
 during	7.355170726776123
 the	1.348527431488037
 meeting	3.946688413619995
.	9.80169677734375
<|endoftext|>	13.460878372192383
The	0.00
 critic	16.8335018157959
 carefully	16.070783615112305
 explained	7.674079418182373
 why	3.743884563446045
 the	3.1745433807373047
 architect	12.988909721374512
 designed	9.512593269348145
 the	1.4120664596557617
 suite	12.047337532043457
 of	2.153712749481201
 rooms	4.633449554443359
 in	2.8361425399780273
 Italy	12.28449821472168
 last	11.48971939086914
 year	1.018341064453125
.	12.025840759277344
<|endoftext|>	12.577912330627441
The	0.00
 landlord	14.06236743927002
 promptly	14.48781681060791
 explained	10.139906883239746
 why	5.270285606384277
 the	2.694979429244995
 photographer	14.052454948425293
 removed	10.532586097717285
 the	1.2466317415237427
 box	10.044178009033203
 of	2.406080961227417
 cash	10.518568992614746
 in	5.286685466766357
 the	1.460437536239624
 house	6.768267631530762
 yesterday	11.552582740783691
.	10.80412769317627
<|endoftext|>	12.65114688873291
The	0.00
 boss	12.989322662353516
 slowly	18.90482521057129
 explained	10.449660301208496
 why	4.826785564422607
 the	3.246541976928711
 journalist	14.086994171142578
 ordered	12.574067115783691
 the	2.0628347396850586
 drink	11.318860054016113
 of	8.522529602050781
 wine	7.75290060043335
 in	4.8578033447265625
 the	1.1987555027008057
 bar	6.833151817321777
 last	8.13360595703125
 week	2.833768844604492
.	10.409554481506348
<|endoftext|>	12.959657669067383
The	0.00
 critic	16.8335018157959
 gradually	17.747650146484375
 explained	9.988102912902832
 why	4.3641157150268555
 the	3.215730905532837
 guests	15.492255210876465
 consulted	14.1851224899292
 the	3.716456651687622
 index	12.46697998046875
 of	2.8209476470947266
 records	12.121395111083984
 in	4.165348529815674
 the	1.7744826078414917
 village	10.261590957641602
 last	11.595540046691895
 month	4.107285022735596
.	10.985943794250488
<|endoftext|>	12.841803550720215
The	0.00
 cleaner	18.0574893951416
 obviously	13.950350761413574
 knew	5.0480637550354
 how	3.6358439922332764
 the	6.384954452514648
 resident	14.373647689819336
 identified	12.873408317565918
 the	2.6404738426208496
 chest	13.764450073242188
 of	4.090388298034668
 documents	12.847261428833008
 in	4.193638801574707
 the	1.2511801719665527
 hall	11.106818199157715
 last	11.198548316955566
 month	4.2935028076171875
.	11.64683723449707
<|endoftext|>	14.384903907775879
The	0.00
 victim	11.845145225524902
 clearly	13.884114265441895
 knew	4.918805122375488
 how	4.792856216430664
 the	5.742856502532959
 murderer	10.198836326599121
 noticed	12.734801292419434
 the	3.589907169342041
 pool	13.055521965026855
 of	1.9692531824111938
 blood	0.0881199985742569
 in	2.996800661087036
 the	0.7731090784072876
 prison	13.305036544799805
 last	13.300209045410156
 night	2.6446635723114014
.	10.340482711791992
<|endoftext|>	12.823945999145508
The	0.00
 professor	13.283145904541016
 totally	16.5474853515625
 knew	6.66673469543457
 how	3.388838291168213
 the	5.66616153717041
 scientist	14.138684272766113
 instructed	14.067265510559082
 the	2.6003055572509766
 teams	12.308647155761719
 of	3.0830886363983154
 students	4.010509490966797
 in	4.03419303894043
 the	1.9536526203155518
 building	8.128026008605957
 on	6.268333911895752
 Monday	7.127793788909912
.	11.806796073913574
<|endoftext|>	13.219941139221191
The	0.00
 policeman	16.035429000854492
 stupidly	19.21550178527832
 knew	11.7320556640625
 how	4.264028549194336
 the	6.185273170471191
 butcher	15.892601013183594
 recognized	15.456542015075684
 the	2.5856189727783203
 tin	13.392983436584473
 of	3.970960855484009
 meat	3.5091984272003174
 in	3.871389389038086
 the	1.0246986150741577
 shop	5.141211032867432
 last	11.030522346496582
 month	4.839878559112549
.	10.9000883102417
<|endoftext|>	12.837990760803223
The	0.00
 coach	13.216989517211914
 regrettably	21.84473991394043
 knew	9.119287490844727
 how	5.127414703369141
 the	5.270219326019287
 pupil	12.478663444519043
 indicated	15.503409385681152
 the	4.426002502441406
 block	14.458841323852539
 of	3.250192403793335
 text	7.21092414855957
 in	4.106258869171143
 the	1.8758641481399536
 study	10.213377952575684
 this	11.858833312988281
 morning	0.7505766153335571
.	10.734524726867676
<|endoftext|>	13.312483787536621
The	0.00
 associate	17.001256942749023
 obviously	18.437591552734375
 knew	4.732955455780029
 how	3.9353551864624023
 the	5.742459774017334
 accountant	15.326391220092773
 hid	12.80974292755127
 the	2.3340346813201904
 pile	13.369336128234863
 of	0.2320682555437088
 documents	5.7819905281066895
 in	3.1390254497528076
 the	1.5338016748428345
 office	4.297245979309082
 yesterday	13.581180572509766
.	10.802351951599121
<|endoftext|>	14.429841995239258
The	0.00
 author	10.091313362121582
 regrettably	19.163402557373047
 knew	9.731768608093262
 how	6.732028484344482
 the	5.4170637130737305
 editor	11.043472290039062
 recorded	16.149932861328125
 the	2.3050503730773926
 techniques	14.972172737121582
 of	2.7152371406555176
 painting	8.522431373596191
 in	4.774022579193115
 the	2.196665048599243
 studio	5.143205165863037
 today	13.366559982299805
.	10.346528053283691
<|endoftext|>	13.817511558532715
The	0.00
 applicant	15.691343307495117
 almost	17.198396682739258
 forgot	8.983743667602539
 how	4.416780471801758
 the	7.246639728546143
 dentist	13.043511390686035
 dropped	11.270284652709961
 the	2.5961380004882812
 samples	13.181593894958496
 of	2.9645915031433105
 acid	9.361859321594238
 in	2.24064564704895
 the	1.6597577333450317
 laboratory	10.04091739654541
 last	9.591575622558594
 week	1.6674569845199585
.	9.690803527832031
<|endoftext|>	14.431095123291016
The	0.00
 assistant	14.236419677734375
 clearly	16.625452041625977
 forgot	11.417880058288574
 how	5.108539581298828
 the	6.656209468841553
 economist	17.20960235595703
 encouraged	15.795551300048828
 the	3.6113202571868896
 gang	12.423783302307129
 of	4.500642776489258
 investors	8.84546184539795
 in	4.720895767211914
 the	2.072131395339966
 hall	12.41943073272705
 during	7.715494632720947
 the	0.9650806784629822
 meeting	5.002748966217041
.	11.241833686828613
<|endoftext|>	13.489790916442871
The	0.00
 waiter	16.28982162475586
 gradually	16.131105422973633
 forgot	10.9144287109375
 how	5.152764320373535
 the	6.953402042388916
 customer	8.505450248718262
 drank	10.548828125
 the	3.2556533813476562
 barrel	14.969637870788574
 of	0.5623864531517029
 beer	2.499396800994873
 in	5.161586284637451
 the	1.832571268081665
 pub	7.475977897644043
 last	8.887978553771973
 night	0.4367508888244629
.	10.270044326782227
<|endoftext|>	13.301259994506836
The	0.00
 drivers	14.505780220031738
 stupidly	17.553110122680664
 forgot	6.268310546875
 how	5.313597202301025
 the	6.795200824737549
 gardener	18.482776641845703
 built	9.35147762298584
 the	2.1254873275756836
 structures	11.356239318847656
 of	5.158847808837891
 steel	11.146963119506836
 in	6.290831089019775
 the	1.526235818862915
 garden	6.171555995941162
 on	7.002314567565918
 Friday	6.87229061126709
.	10.106424331665039
<|endoftext|>	12.351510047912598
The	0.00
 inspector	15.035024642944336
 foolishly	23.275901794433594
 forgot	7.233493804931641
 how	7.105584621429443
 the	6.46845817565918
 prisoner	14.174139022827148
 discovered	12.094626426696777
 the	1.754471778869629
 sheet	12.300944328308105
 of	2.5193064212799072
 plastic	8.854947090148926
 in	4.094464302062988
 the	1.241911768913269
 cell	4.19741678237915
 last	9.486891746520996
 night	1.6609654426574707
.	9.979509353637695
<|endoftext|>	13.712331771850586
The	0.00
 engineer	15.022146224975586
 stupidly	18.2403507232666
 forgot	5.396956920623779
 how	5.9446258544921875
 the	6.231524467468262
 surgeon	16.26034164428711
 created	10.394636154174805
 the	1.679256558418274
 layer	14.11639404296875
 of	0.7798445820808411
 tissue	5.461461544036865
 in	3.8705453872680664
 the	1.2267625331878662
 hospital	8.14768123626709
 during	8.33094596862793
 the	1.3249866962432861
 operation	2.84295916557312
.	10.001818656921387
<|endoftext|>	13.662846565246582
The	0.00
 archaeologist	16.70294761657715
 regrettably	21.113201141357422
 forgot	5.794313430786133
 how	7.6192307472229
 the	5.616000652313232
 excavator	10.566271781921387
 found	7.456686496734619
 the	1.2823045253753662
 group	11.862025260925293
 of	1.4033145904541016
 fossils	9.06118106842041
 on	5.992744445800781
 the	0.7598912715911865
 site	4.453953266143799
 last	8.857137680053711
 month	3.750765800476074
.	8.95241928100586
<|endoftext|>	13.23871898651123
The	0.00
 publisher	13.935882568359375
 almost	15.611283302307129
 explained	14.15142822265625
 how	5.068718433380127
 the	2.8209376335144043
 writer	11.195783615112305
 represented	13.912416458129883
 the	2.5429766178131104
 code	13.004319190979004
 of	2.592853307723999
 conduct	1.778544306755066
 in	2.9579625129699707
 the	2.3167736530303955
 text	7.373075485229492
 on	6.68865966796875
 Tuesday	6.607444763183594
.	8.749266624450684
<|endoftext|>	14.036535263061523
The	0.00
 employer	15.666671752929688
 totally	17.34709930419922
 explained	11.74344253540039
 how	4.950495719909668
 the	3.3719451427459717
 colleague	14.805012702941895
 presented	10.867233276367188
 the	2.592374801635742
 copies	15.67733383178711
 of	0.7836068272590637
 contracts	10.522433280944824
 in	4.940121173858643
 the	2.1887593269348145
 building	9.231212615966797
 during	7.488863945007324
 the	1.3410710096359253
 meeting	4.093527317047119
.	9.73680591583252
<|endoftext|>	13.648380279541016
The	0.00
 critic	16.8335018157959
 carefully	16.070783615112305
 explained	7.674079418182373
 how	3.246439218521118
 the	2.3264174461364746
 architect	12.955997467041016
 designed	8.270225524902344
 the	0.937459409236908
 suite	12.039311408996582
 of	2.089651584625244
 rooms	4.536843299865723
 in	3.085981845855713
 Italy	12.36136245727539
 last	12.158935546875
 year	1.0447851419448853
.	11.86604118347168
<|endoftext|>	12.798142433166504
The	0.00
 landlord	14.06236743927002
 promptly	14.48781681060791
 explained	10.139906883239746
 how	5.994698524475098
 the	2.3668017387390137
 photographer	14.451639175415039
 removed	10.866964340209961
 the	1.3041504621505737
 box	9.848798751831055
 of	2.6480774879455566
 cash	10.441086769104004
 in	5.263809680938721
 the	1.8232804536819458
 house	6.417799949645996
 yesterday	12.053540229797363
.	11.69415283203125
<|endoftext|>	13.26325511932373
The	0.00
 boss	12.989322662353516
 slowly	18.90482521057129
 explained	10.449660301208496
 how	4.08954381942749
 the	2.387582540512085
 journalist	14.932552337646484
 ordered	13.177934646606445
 the	2.230417013168335
 drink	11.8900146484375
 of	8.366752624511719
 wine	7.397486209869385
 in	4.669124603271484
 the	1.9888978004455566
 bar	5.539905548095703
 last	8.624951362609863
 week	3.092688798904419
.	10.917725563049316
<|endoftext|>	13.466742515563965
The	0.00
 critic	16.8335018157959
 gradually	17.747650146484375
 explained	9.988102912902832
 how	3.9055466651916504
 the	2.3571367263793945
 guests	16.017488479614258
 consulted	14.576517105102539
 the	2.8569986820220947
 index	11.260475158691406
 of	2.6370983123779297
 records	12.500237464904785
 in	4.00481653213501
 the	1.6374282836914062
 village	10.656389236450195
 last	12.424891471862793
 month	4.553783893585205
.	11.34569263458252
<|endoftext|>	13.031922340393066
The	0.00
 cleaner	18.0574893951416
 obviously	13.950350761413574
 knew	5.0480637550354
 when	7.804417610168457
 the	4.130141258239746
 resident	12.642929077148438
 identified	12.347257614135742
 the	4.747828483581543
 chest	14.480740547180176
 of	4.238727569580078
 documents	11.636537551879883
 in	4.194479465484619
 the	1.4711661338806152
 hall	10.925091743469238
 last	11.169439315795898
 month	4.111027240753174
.	12.078168869018555
<|endoftext|>	14.198400497436523
The	0.00
 victim	11.845145225524902
 clearly	13.884114265441895
 knew	4.918805122375488
 when	8.508111000061035
 the	3.9235143661499023
 murderer	10.660691261291504
 noticed	12.761040687561035
 the	3.732560157775879
 pool	12.732029914855957
 of	1.8393206596374512
 blood	0.08653987944126129
 in	3.1330296993255615
 the	0.8637746572494507
 prison	13.3844633102417
 last	13.264612197875977
 night	3.219015121459961
.	10.582559585571289
<|endoftext|>	12.836793899536133
The	0.00
 professor	13.283145904541016
 totally	16.5474853515625
 knew	6.66673469543457
 when	7.093691349029541
 the	4.939577579498291
 scientist	12.988879203796387
 instructed	13.093477249145508
 the	4.534902572631836
 teams	13.643404960632324
 of	3.514200448989868
 students	3.5672271251678467
 in	5.0306315422058105
 the	2.1098594665527344
 building	8.006014823913574
 on	5.6767191886901855
 Monday	7.5422868728637695
.	13.893460273742676
<|endoftext|>	13.139985084533691
The	0.00
 policeman	16.035429000854492
 stupidly	19.21550178527832
 knew	11.7320556640625
 when	7.265563488006592
 the	4.572370529174805
 butcher	15.267714500427246
 recognized	14.972898483276367
 the	3.4201807975769043
 tin	14.206552505493164
 of	4.02472448348999
 meat	3.7543251514434814
 in	3.614926338195801
 the	1.3311017751693726
 shop	5.355808734893799
 last	11.243243217468262
 month	4.274454593658447
.	11.139620780944824
<|endoftext|>	13.12667179107666
The	0.00
 coach	13.216989517211914
 regrettably	21.84473991394043
 knew	9.119287490844727
 when	7.253835678100586
 the	3.740994930267334
 pupil	12.737578392028809
 indicated	12.560874938964844
 the	5.091825485229492
 block	14.21798324584961
 of	3.2983250617980957
 text	6.9910688400268555
 in	4.624566555023193
 the	2.1580135822296143
 study	9.555924415588379
 this	11.832181930541992
 morning	2.6069753170013428
.	11.319095611572266
<|endoftext|>	13.162823677062988
The	0.00
 associate	17.001256942749023
 obviously	18.437591552734375
 knew	4.732955455780029
 when	8.330747604370117
 the	4.387183666229248
 accountant	14.691208839416504
 hid	13.680164337158203
 the	1.6424154043197632
 pile	12.77690315246582
 of	0.15410791337490082
 documents	5.790414333343506
 in	2.654003620147705
 the	1.4597684144973755
 office	4.64205265045166
 yesterday	13.271239280700684
.	11.27949333190918
<|endoftext|>	14.23977279663086
The	0.00
 author	10.091313362121582
 regrettably	19.163402557373047
 knew	9.731768608093262
 when	8.032999038696289
 the	4.667806148529053
 editor	10.06236457824707
 recorded	14.42680835723877
 the	2.016040802001953
 techniques	17.705507278442383
 of	3.1055045127868652
 painting	9.092175483703613
 in	4.894398212432861
 the	2.2784383296966553
 studio	6.047978401184082
 today	12.936043739318848
.	11.434022903442383
<|endoftext|>	13.938237190246582
The	0.00
 applicant	15.691343307495117
 almost	17.198396682739258
 forgot	8.983743667602539
 when	7.656152248382568
 the	4.069358825683594
 dentist	11.227635383605957
 dropped	8.632471084594727
 the	2.3969030380249023
 samples	13.332362174987793
 of	2.709613561630249
 acid	9.98495101928711
 in	2.245332717895508
 the	1.990473747253418
 laboratory	10.693066596984863
 last	9.59134292602539
 week	1.4781451225280762
.	10.222519874572754
<|endoftext|>	14.613419532775879
The	0.00
 assistant	14.236419677734375
 clearly	16.625452041625977
 forgot	11.417880058288574
 when	8.309188842773438
 the	4.124304294586182
 economist	16.661191940307617
 encouraged	13.0228853225708
 the	3.753086566925049
 gang	11.63354206085205
 of	4.860825538635254
 investors	9.305243492126465
 in	5.292215347290039
 the	2.2909436225891113
 hall	10.803845405578613
 during	9.106675148010254
 the	1.2472959756851196
 meeting	4.913197040557861
.	12.134037017822266
<|endoftext|>	13.60665512084961
The	0.00
 waiter	16.28982162475586
 gradually	16.131105422973633
 forgot	10.9144287109375
 when	10.163507461547852
 the	3.2250163555145264
 customer	7.741706371307373
 drank	12.054593086242676
 the	2.4001691341400146
 barrel	14.77249813079834
 of	0.5141105055809021
 beer	2.656848430633545
 in	5.098546504974365
 the	1.780578851699829
 pub	7.534167289733887
 last	8.650233268737793
 night	0.6327701807022095
.	10.378633499145508
<|endoftext|>	13.198339462280273
The	0.00
 drivers	14.505780220031738
 stupidly	17.553110122680664
 forgot	6.268310546875
 when	8.469795227050781
 the	3.7357091903686523
 gardener	17.35729217529297
 built	9.437560081481934
 the	1.7802876234054565
 structures	12.146231651306152
 of	5.8011932373046875
 steel	11.725459098815918
 in	6.378820419311523
 the	1.3906989097595215
 garden	5.452860355377197
 on	7.439116954803467
 Friday	7.414810657501221
.	10.159235000610352
<|endoftext|>	12.06624698638916
The	0.00
 inspector	15.035024642944336
 foolishly	23.275901794433594
 forgot	7.233493804931641
 when	9.710139274597168
 the	4.057670593261719
 prisoner	12.682805061340332
 discovered	10.05364990234375
 the	2.0514185428619385
 sheet	12.105037689208984
 of	2.5884671211242676
 plastic	8.644206047058105
 in	3.9923088550567627
 the	1.5717424154281616
 cell	4.299687385559082
 last	9.645379066467285
 night	2.308302164077759
.	10.434176445007324
<|endoftext|>	13.61335277557373
The	0.00
 engineer	15.022146224975586
 stupidly	18.2403507232666
 forgot	5.396956920623779
 when	9.324621200561523
 the	3.8753912448883057
 surgeon	14.79484748840332
 created	10.584953308105469
 the	1.5364913940429688
 layer	13.411980628967285
 of	0.7033941745758057
 tissue	5.442445755004883
 in	4.130661487579346
 the	1.5190861225128174
 hospital	8.075517654418945
 during	9.345817565917969
 the	1.3147456645965576
 operation	2.6701648235321045
.	10.107318878173828
<|endoftext|>	13.877697944641113
The	0.00
 archaeologist	16.70294761657715
 regrettably	21.113201141357422
 forgot	5.794313430786133
 when	10.040878295898438
 the	4.522695064544678
 excavator	8.5618896484375
 found	7.273576259613037
 the	1.2832978963851929
 group	11.579035758972168
 of	1.1124145984649658
 fossils	9.331620216369629
 on	6.027555465698242
 the	0.8236376643180847
 site	4.596538066864014
 last	9.416152954101562
 month	3.886181592941284
.	10.093749046325684
<|endoftext|>	13.295098304748535
The	0.00
 publisher	13.935882568359375
 almost	15.611283302307129
 explained	14.15142822265625
 when	8.87477970123291
 the	3.643742322921753
 writer	11.271353721618652
 represented	15.186175346374512
 the	3.1890249252319336
 code	13.918716430664062
 of	3.415783405303955
 conduct	0.7293345332145691
 in	3.4117283821105957
 the	2.518580198287964
 text	9.562386512756348
 on	7.391658782958984
 Tuesday	8.058228492736816
.	9.259929656982422
<|endoftext|>	14.266987800598145
The	0.00
 employer	15.666671752929688
 totally	17.34709930419922
 explained	11.74344253540039
 when	9.328210830688477
 the	3.931589365005493
 colleague	13.470841407775879
 presented	10.17633056640625
 the	2.7031753063201904
 copies	14.834979057312012
 of	0.5850828289985657
 contracts	10.47510051727295
 in	5.392125606536865
 the	2.3078243732452393
 building	9.247323036193848
 during	7.9900641441345215
 the	1.3686935901641846
 meeting	4.32124662399292
.	10.001592636108398
<|endoftext|>	13.9877347946167
The	0.00
 critic	16.8335018157959
 carefully	16.070783615112305
 explained	7.674079418182373
 when	9.898629188537598
 the	3.07395076751709
 architect	12.966360092163086
 designed	9.054335594177246
 the	1.119376540184021
 suite	12.384544372558594
 of	1.9600765705108643
 rooms	4.410534381866455
 in	3.0999059677124023
 Italy	12.819992065429688
 last	11.540034294128418
 year	0.9750618934631348
.	11.536855697631836
<|endoftext|>	13.310478210449219
The	0.00
 landlord	14.06236743927002
 promptly	14.48781681060791
 explained	10.139906883239746
 when	10.771088600158691
 the	2.1247572898864746
 photographer	13.831185340881348
 removed	9.384675979614258
 the	1.1386675834655762
 box	9.176447868347168
 of	2.2819342613220215
 cash	10.452920913696289
 in	5.703254699707031
 the	2.2547521591186523
 house	7.122091293334961
 yesterday	12.676541328430176
.	11.831657409667969
<|endoftext|>	13.056052207946777
The	0.00
 boss	12.989322662353516
 slowly	18.90482521057129
 explained	10.449660301208496
 when	9.53696346282959
 the	3.1440072059631348
 journalist	12.350444793701172
 ordered	12.3003568649292
 the	2.660513162612915
 drink	8.646635055541992
 of	7.957390308380127
 wine	6.990185260772705
 in	5.137301921844482
 the	1.8662519454956055
 bar	5.414077281951904
 last	8.41112995147705
 week	2.467453718185425
.	10.616311073303223
<|endoftext|>	13.353800773620605
The	0.00
 critic	16.8335018157959
 gradually	17.747650146484375
 explained	9.988102912902832
 when	10.615962982177734
 the	3.006272554397583
 guests	14.604366302490234
 consulted	13.17910099029541
 the	3.1815426349639893
 index	11.8827543258667
 of	2.2530932426452637
 records	11.635871887207031
 in	4.3935041427612305
 the	1.3394993543624878
 village	10.454991340637207
 last	12.152588844299316
 month	4.250194072723389
.	11.136648178100586
<|endoftext|>	13.701196670532227
The	0.00
 cleaner	18.0574893951416
 obviously	13.950350761413574
 knew	5.0480637550354
 where	5.467808723449707
 the	2.2558305263519287
 resident	13.66729736328125
 identified	13.106892585754395
 the	3.3567872047424316
 chest	13.442778587341309
 of	3.884939432144165
 documents	10.684680938720703
 in	4.06515645980835
 the	1.4680099487304688
 hall	11.175887107849121
 last	11.052995681762695
 month	4.448978424072266
.	11.955085754394531
<|endoftext|>	14.669029235839844
The	0.00
 victim	11.845145225524902
 clearly	13.884114265441895
 knew	4.918805122375488
 where	6.0639543533325195
 the	2.4768402576446533
 murderer	8.94528865814209
 noticed	19.867916107177734
 the	4.1006975173950195
 pool	11.796124458312988
 of	1.9496142864227295
 blood	0.07508739829063416
 in	3.712351083755493
 the	0.8045022487640381
 prison	13.712465286254883
 last	13.003371238708496
 night	2.6656975746154785
.	10.486128807067871
<|endoftext|>	13.0538969039917
The	0.00
 professor	13.283145904541016
 totally	16.5474853515625
 knew	6.66673469543457
 where	5.36154842376709
 the	3.063495397567749
 scientist	14.459813117980957
 instructed	18.3812255859375
 the	3.4536843299865723
 teams	12.920554161071777
 of	3.2480955123901367
 students	3.9488017559051514
 in	4.401618957519531
 the	2.3224411010742188
 building	8.001283645629883
 on	6.34308385848999
 Monday	7.231522560119629
.	12.075078010559082
<|endoftext|>	13.43967342376709
The	0.00
 policeman	16.035429000854492
 stupidly	19.21550178527832
 knew	11.7320556640625
 where	5.642696380615234
 the	2.2447969913482666
 butcher	14.936553001403809
 recognized	21.67792320251465
 the	2.841005563735962
 tin	14.14212703704834
 of	3.951641082763672
 meat	3.3455402851104736
 in	4.292728424072266
 the	1.037866473197937
 shop	5.013517379760742
 last	10.48698902130127
 month	4.980552673339844
.	11.120484352111816
<|endoftext|>	13.119271278381348
The	0.00
 coach	13.216989517211914
 regrettably	21.84473991394043
 knew	9.119287490844727
 where	6.924322605133057
 the	2.404759645462036
 pupil	14.728351593017578
 indicated	16.110244750976562
 the	3.592471122741699
 block	12.647034645080566
 of	2.8683621883392334
 text	7.289284706115723
 in	4.477420330047607
 the	1.7879732847213745
 study	10.259720802307129
 this	12.257363319396973
 morning	0.7690768837928772
.	10.928167343139648
<|endoftext|>	13.349416732788086
The	0.00
 associate	17.001256942749023
 obviously	18.437591552734375
 knew	4.732955455780029
 where	5.610174655914307
 the	2.609689474105835
 accountant	14.927881240844727
 hid	11.48725700378418
 the	1.8137773275375366
 pile	12.624652862548828
 of	0.11112514138221741
 documents	5.4061784744262695
 in	4.291132926940918
 the	1.8156394958496094
 office	4.280048370361328
 yesterday	12.005322456359863
.	11.115264892578125
<|endoftext|>	14.579265594482422
The	0.00
 author	10.091313362121582
 regrettably	19.163402557373047
 knew	9.731768608093262
 where	8.679444313049316
 the	2.9793879985809326
 editor	10.542765617370605
 recorded	16.188522338867188
 the	2.0998382568359375
 techniques	15.485164642333984
 of	3.121889114379883
 painting	8.240811347961426
 in	4.7671895027160645
 the	2.004836320877075
 studio	7.064344882965088
 today	13.12732982635498
.	10.602280616760254
<|endoftext|>	13.60042667388916
The	0.00
 applicant	15.691343307495117
 almost	17.198396682739258
 forgot	8.983743667602539
 where	6.6161112785339355
 the	4.525239944458008
 dentist	11.646760940551758
 dropped	12.40256118774414
 the	3.7267699241638184
 samples	11.524269104003906
 of	2.5379459857940674
 acid	10.177099227905273
 in	3.3253209590911865
 the	1.5361237525939941
 laboratory	8.684088706970215
 last	9.095169067382812
 week	1.438787579536438
.	10.361949920654297
<|endoftext|>	14.612802505493164
The	0.00
 assistant	14.236419677734375
 clearly	16.625452041625977
 forgot	11.417880058288574
 where	6.5958123207092285
 the	3.368856906890869
 economist	18.87228775024414
 encouraged	19.275178909301758
 the	3.654297351837158
 gang	11.565857887268066
 of	4.515804290771484
 investors	9.337687492370605
 in	5.095223903656006
 the	2.2045395374298096
 hall	11.782541275024414
 during	8.01550579071045
 the	1.153157353401184
 meeting	4.475098133087158
.	11.412994384765625
<|endoftext|>	13.900317192077637
The	0.00
 waiter	16.28982162475586
 gradually	16.131105422973633
 forgot	10.9144287109375
 where	6.865535259246826
 the	4.016897201538086
 customer	9.057013511657715
 drank	14.31641674041748
 the	2.245556116104126
 barrel	15.232959747314453
 of	0.41043755412101746
 beer	2.4546918869018555
 in	5.947411060333252
 the	1.2909401655197144
 pub	7.725763320922852
 last	8.697162628173828
 night	0.48803433775901794
.	10.500457763671875
<|endoftext|>	13.604137420654297
The	0.00
 drivers	14.505780220031738
 stupidly	17.553110122680664
 forgot	6.268310546875
 where	7.488343715667725
 the	3.1511964797973633
 gardener	17.809656143188477
 built	12.698314666748047
 the	1.7408010959625244
 structures	12.293630599975586
 of	6.185177326202393
 steel	11.566298484802246
 in	6.830259323120117
 the	1.6644103527069092
 garden	6.571926593780518
 on	6.942073822021484
 Friday	6.221068382263184
.	10.47773265838623
<|endoftext|>	12.628451347351074
The	0.00
 inspector	15.035024642944336
 foolishly	23.275901794433594
 forgot	7.233493804931641
 where	9.15404987335205
 the	3.1041204929351807
 prisoner	12.479352951049805
 discovered	13.631526947021484
 the	1.1958775520324707
 sheet	11.283651351928711
 of	2.179126739501953
 plastic	8.29932689666748
 in	4.77485466003418
 the	1.3762015104293823
 cell	4.894055366516113
 last	9.410212516784668
 night	1.5307509899139404
.	10.167115211486816
<|endoftext|>	14.157447814941406
The	0.00
 engineer	15.022146224975586
 stupidly	18.2403507232666
 forgot	5.396956920623779
 where	8.731498718261719
 the	3.053814649581909
 surgeon	15.255056381225586
 created	14.13896656036377
 the	1.2886430025100708
 layer	13.325779914855957
 of	0.7157706618309021
 tissue	6.808509826660156
 in	4.163578987121582
 the	1.426093339920044
 hospital	8.041489601135254
 during	8.561711311340332
 the	1.4498556852340698
 operation	3.3797194957733154
.	10.176959991455078
<|endoftext|>	14.102932929992676
The	0.00
 archaeologist	16.70294761657715
 regrettably	21.113201141357422
 forgot	5.794313430786133
 where	9.39324951171875
 the	3.347794532775879
 excavator	9.617295265197754
 found	7.783133506774902
 the	1.2143124341964722
 group	11.345132827758789
 of	0.9255614280700684
 fossils	8.732662200927734
 on	6.6585493087768555
 the	0.9806064367294312
 site	5.015580177307129
 last	9.219890594482422
 month	3.757558584213257
.	9.790505409240723
<|endoftext|>	13.534146308898926
The	0.00
 publisher	13.935882568359375
 almost	15.611283302307129
 explained	14.15142822265625
 where	8.34532642364502
 the	2.0030786991119385
 writer	10.873017311096191
 represented	15.576681137084961
 the	2.8132004737854004
 code	13.00997257232666
 of	3.062638998031616
 conduct	1.319933295249939
 in	3.055513858795166
 the	2.224675178527832
 text	7.553369522094727
 on	6.881603717803955
 Tuesday	6.524052619934082
.	9.243631362915039
<|endoftext|>	14.605664253234863
The	0.00
 employer	15.666671752929688
 totally	17.34709930419922
 explained	11.74344253540039
 where	8.87456226348877
 the	2.5667805671691895
 colleague	15.150301933288574
 presented	13.72812271118164
 the	2.2357823848724365
 copies	15.24316120147705
 of	0.6695995330810547
 contracts	11.182607650756836
 in	5.086071491241455
 the	2.342257022857666
 building	9.349005699157715
 during	7.646048545837402
 the	1.2358874082565308
 meeting	4.292686462402344
.	10.15471363067627
<|endoftext|>	14.463946342468262
The	0.00
 critic	16.8335018157959
 carefully	16.070783615112305
 explained	7.674079418182373
 where	7.836862564086914
 the	1.9766640663146973
 architect	14.05251407623291
 designed	11.719206809997559
 the	0.940462589263916
 suite	12.654680252075195
 of	2.211303472518921
 rooms	4.205234050750732
 in	3.153963804244995
 Italy	12.608036041259766
 last	11.774724006652832
 year	1.410520315170288
.	11.659293174743652
<|endoftext|>	13.224319458007812
The	0.00
 landlord	14.06236743927002
 promptly	14.48781681060791
 explained	10.139906883239746
 where	10.078397750854492
 the	1.389607548713684
 photographer	14.853751182556152
 removed	14.897900581359863
 the	0.8609764575958252
 box	9.36819076538086
 of	1.8907713890075684
 cash	10.498625755310059
 in	5.443275451660156
 the	2.491758108139038
 house	7.001853942871094
 yesterday	11.956551551818848
.	11.558029174804688
<|endoftext|>	13.240577697753906
The	0.00
 boss	12.989322662353516
 slowly	18.90482521057129
 explained	10.449660301208496
 where	7.97012186050415
 the	1.8895376920700073
 journalist	15.636236190795898
 ordered	17.528417587280273
 the	1.5324491262435913
 drink	8.643211364746094
 of	8.342256546020508
 wine	6.9752326011657715
 in	5.153542518615723
 the	1.8471369743347168
 bar	5.822704315185547
 last	8.844306945800781
 week	3.0791006088256836
.	10.856444358825684
<|endoftext|>	13.647210121154785
The	0.00
 critic	16.8335018157959
 gradually	17.747650146484375
 explained	9.988102912902832
 where	8.608240127563477
 the	2.0353431701660156
 guests	15.46202278137207
 consulted	16.077890396118164
 the	4.052618026733398
 index	12.674126625061035
 of	2.7499072551727295
 records	12.384113311767578
 in	4.191926002502441
 the	1.6812248229980469
 village	11.15294075012207
 last	12.244169235229492
 month	4.94553279876709
.	11.020119667053223
<|endoftext|>	13.312125205993652
The	0.00
 cleaner	18.0574893951416
 obviously	13.950350761413574
 knew	5.0480637550354
 when	7.804417610168457
 the	4.130141258239746
 resident	12.642929077148438
 identified	12.347257614135742
 the	4.747828483581543
 chest	14.480740547180176
 of	4.238727569580078
 documents	11.636537551879883
 in	4.194479465484619
 the	1.4711661338806152
 hall	10.925091743469238
.	12.974998474121094
<|endoftext|>	14.363593101501465
The	0.00
 victim	11.845145225524902
 clearly	13.884114265441895
 knew	4.918805122375488
 when	8.508111000061035
 the	3.9235143661499023
 murderer	10.660691261291504
 noticed	12.761040687561035
 the	3.732560157775879
 pool	12.732029914855957
 of	1.8393206596374512
 blood	0.08653987944126129
 in	3.1330296993255615
 the	0.8637746572494507
 prison	13.3844633102417
.	14.590425491333008
<|endoftext|>	12.626779556274414
The	0.00
 professor	13.283145904541016
 totally	16.5474853515625
 knew	6.66673469543457
 when	7.093691349029541
 the	4.939577579498291
 scientist	12.988879203796387
 instructed	13.093477249145508
 the	4.534902572631836
 teams	13.643404960632324
 of	3.514200448989868
 students	3.5672271251678467
 in	5.0306315422058105
 the	2.1098594665527344
 building	8.006014823913574
.	13.788841247558594
<|endoftext|>	13.069171905517578
The	0.00
 policeman	16.035429000854492
 stupidly	19.21550178527832
 knew	11.7320556640625
 when	7.265563488006592
 the	4.572370529174805
 butcher	15.267714500427246
 recognized	14.972898483276367
 the	3.4201807975769043
 tin	14.206552505493164
 of	4.02472448348999
 meat	3.7543251514434814
 in	3.614926338195801
 the	1.3311017751693726
 shop	5.355808734893799
.	13.152432441711426
<|endoftext|>	12.65869426727295
The	0.00
 coach	13.216989517211914
 regrettably	21.84473991394043
 knew	9.119287490844727
 when	7.253835678100586
 the	3.740994930267334
 pupil	12.737578392028809
 indicated	12.560874938964844
 the	5.091825485229492
 block	14.21798324584961
 of	3.2983250617980957
 text	6.9910688400268555
 in	4.624566555023193
 the	2.1580135822296143
 study	9.555924415588379
.	11.82973861694336
<|endoftext|>	13.455836296081543
The	0.00
 associate	17.001256942749023
 obviously	18.437591552734375
 knew	4.732955455780029
 when	8.330747604370117
 the	4.387183666229248
 accountant	14.691208839416504
 hid	13.680164337158203
 the	1.6424154043197632
 pile	12.77690315246582
 of	0.15410791337490082
 documents	5.790414333343506
 in	2.654003620147705
 the	1.4597684144973755
 office	4.64205265045166
.	12.28549575805664
<|endoftext|>	14.018132209777832
The	0.00
 author	10.091313362121582
 regrettably	19.163402557373047
 knew	9.731768608093262
 when	8.032999038696289
 the	4.667806148529053
 editor	10.06236457824707
 recorded	14.42680835723877
 the	2.016040802001953
 techniques	17.705507278442383
 of	3.1055045127868652
 painting	9.092175483703613
 in	4.894398212432861
 the	2.2784383296966553
 studio	6.047978401184082
.	11.4817476272583
<|endoftext|>	14.418073654174805
The	0.00
 applicant	15.691343307495117
 almost	17.198396682739258
 forgot	8.983743667602539
 when	7.656152248382568
 the	4.069358825683594
 dentist	11.227635383605957
 dropped	8.632471084594727
 the	2.3969030380249023
 samples	13.332362174987793
 of	2.709613561630249
 acid	9.98495101928711
 in	2.245332717895508
 the	1.990473747253418
 laboratory	10.693066596984863
.	11.246679306030273
<|endoftext|>	14.181564331054688
The	0.00
 assistant	14.236419677734375
 clearly	16.625452041625977
 forgot	11.417880058288574
 when	8.309188842773438
 the	4.124304294586182
 economist	16.661191940307617
 encouraged	13.0228853225708
 the	3.753086566925049
 gang	11.63354206085205
 of	4.860825538635254
 investors	9.305243492126465
 in	5.292215347290039
 the	2.2909436225891113
 hall	10.803845405578613
.	14.015604972839355
<|endoftext|>	13.075961112976074
The	0.00
 waiter	16.28982162475586
 gradually	16.131105422973633
 forgot	10.9144287109375
 when	10.163507461547852
 the	3.2250163555145264
 customer	7.741706371307373
 drank	12.054593086242676
 the	2.4001691341400146
 barrel	14.77249813079834
 of	0.5141105055809021
 beer	2.656848430633545
 in	5.098546504974365
 the	1.780578851699829
 pub	7.534167289733887
.	10.577842712402344
<|endoftext|>	12.906912803649902
The	0.00
 drivers	14.505780220031738
 stupidly	17.553110122680664
 forgot	6.268310546875
 when	8.469795227050781
 the	3.7357091903686523
 gardener	17.35729217529297
 built	9.437560081481934
 the	1.7802876234054565
 structures	12.146231651306152
 of	5.8011932373046875
 steel	11.725459098815918
 in	6.378820419311523
 the	1.3906989097595215
 garden	5.452860355377197
.	10.014068603515625
<|endoftext|>	12.651922225952148
The	0.00
 inspector	15.035024642944336
 foolishly	23.275901794433594
 forgot	7.233493804931641
 when	9.710139274597168
 the	4.057670593261719
 prisoner	12.682805061340332
 discovered	10.05364990234375
 the	2.0514185428619385
 sheet	12.105037689208984
 of	2.5884671211242676
 plastic	8.644206047058105
 in	3.9923088550567627
 the	1.5717424154281616
 cell	4.299687385559082
.	11.74417781829834
<|endoftext|>	12.800469398498535
The	0.00
 engineer	15.022146224975586
 stupidly	18.2403507232666
 forgot	5.396956920623779
 when	9.324621200561523
 the	3.8753912448883057
 surgeon	14.79484748840332
 created	10.584953308105469
 the	1.5364913940429688
 layer	13.411980628967285
 of	0.7033941745758057
 tissue	5.442445755004883
 in	4.130661487579346
 the	1.5190861225128174
 hospital	8.075517654418945
.	11.896279335021973
<|endoftext|>	13.667848587036133
The	0.00
 archaeologist	16.70294761657715
 regrettably	21.113201141357422
 forgot	5.794313430786133
 when	10.040878295898438
 the	4.522695064544678
 excavator	8.5618896484375
 found	7.273576259613037
 the	1.2832978963851929
 group	11.579035758972168
 of	1.1124145984649658
 fossils	9.331620216369629
 on	6.027555465698242
 the	0.8236376643180847
 site	4.596538066864014
.	11.2287015914917
<|endoftext|>	13.326186180114746
The	0.00
 publisher	13.935882568359375
 almost	15.611283302307129
 explained	14.15142822265625
 when	8.87477970123291
 the	3.643742322921753
 writer	11.271353721618652
 represented	15.186175346374512
 the	3.1890249252319336
 code	13.918716430664062
 of	3.415783405303955
 conduct	0.7293345332145691
 in	3.4117283821105957
 the	2.518580198287964
 text	9.562386512756348
.	10.666318893432617
<|endoftext|>	16.45340919494629
The	0.00
 employer	15.666671752929688
 totally	17.34709930419922
 explained	11.74344253540039
 when	9.328210830688477
 the	3.931589365005493
 colleague	13.470841407775879
 presented	10.17633056640625
 the	2.7031753063201904
 copies	14.834979057312012
 of	0.5850828289985657
 contracts	10.47510051727295
 in	5.392125606536865
 the	2.3078243732452393
 building	9.247323036193848
.	9.770219802856445
<|endoftext|>	13.773771286010742
The	0.00
 critic	16.8335018157959
 carefully	16.070783615112305
 explained	7.674079418182373
 when	9.898629188537598
 the	3.07395076751709
 architect	12.966360092163086
 designed	9.054335594177246
 the	1.119376540184021
 suite	12.384544372558594
 of	1.9600765705108643
 rooms	4.410534381866455
 in	3.0999059677124023
 Italy	12.819992065429688
.	13.088648796081543
<|endoftext|>	13.483195304870605
The	0.00
 landlord	14.06236743927002
 promptly	14.48781681060791
 explained	10.139906883239746
 when	10.771088600158691
 the	2.1247572898864746
 photographer	13.831185340881348
 removed	9.384675979614258
 the	1.1386675834655762
 box	9.176447868347168
 of	2.2819342613220215
 cash	10.452920913696289
 in	5.703254699707031
 the	2.2547521591186523
 house	7.122091293334961
.	12.084481239318848
<|endoftext|>	13.507268905639648
The	0.00
 boss	12.989322662353516
 slowly	18.90482521057129
 explained	10.449660301208496
 when	9.53696346282959
 the	3.1440072059631348
 journalist	12.350444793701172
 ordered	12.3003568649292
 the	2.660513162612915
 drink	8.646635055541992
 of	7.957390308380127
 wine	6.990185260772705
 in	5.137301921844482
 the	1.8662519454956055
 bar	5.414077281951904
.	11.18333625793457
<|endoftext|>	13.730681419372559
The	0.00
 critic	16.8335018157959
 gradually	17.747650146484375
 explained	9.988102912902832
 when	10.615962982177734
 the	3.006272554397583
 guests	14.604366302490234
 consulted	13.17910099029541
 the	3.1815426349639893
 index	11.8827543258667
 of	2.2530932426452637
 records	11.635871887207031
 in	4.3935041427612305
 the	1.3394993543624878
 village	10.454991340637207
.	11.320819854736328
<|endoftext|>	14.328274726867676
The	0.00
 cleaner	18.0574893951416
 obviously	13.950350761413574
 knew	5.0480637550354
 where	5.467808723449707
 the	2.2558305263519287
 resident	13.66729736328125
 identified	13.106892585754395
 the	3.3567872047424316
 chest	13.442778587341309
 of	3.884939432144165
 documents	10.684680938720703
 last	11.81721019744873
 month	4.24092435836792
.	12.249672889709473
<|endoftext|>	15.230158805847168
The	0.00
 victim	11.845145225524902
 clearly	13.884114265441895
 knew	4.918805122375488
 where	6.0639543533325195
 the	2.4768402576446533
 murderer	8.94528865814209
 noticed	19.867916107177734
 the	4.1006975173950195
 pool	11.796124458312988
 of	1.9496142864227295
 blood	0.07508739829063416
 last	13.225286483764648
 night	1.4172325134277344
.	10.977773666381836
<|endoftext|>	13.456954002380371
The	0.00
 professor	13.283145904541016
 totally	16.5474853515625
 knew	6.66673469543457
 where	5.36154842376709
 the	3.063495397567749
 scientist	14.459813117980957
 instructed	18.3812255859375
 the	3.4536843299865723
 teams	12.920554161071777
 of	3.2480955123901367
 students	3.9488017559051514
 on	5.658017158508301
 Monday	10.921940803527832
.	12.322322845458984
<|endoftext|>	13.786532402038574
The	0.00
 policeman	16.035429000854492
 stupidly	19.21550178527832
 knew	11.7320556640625
 where	5.642696380615234
 the	2.2447969913482666
 butcher	14.936553001403809
 recognized	21.67792320251465
 the	2.841005563735962
 tin	14.14212703704834
 of	3.951641082763672
 meat	3.3455402851104736
 last	12.009647369384766
 month	5.7119035720825195
.	11.489161491394043
<|endoftext|>	13.439423561096191
The	0.00
 coach	13.216989517211914
 regrettably	21.84473991394043
 knew	9.119287490844727
 where	6.924322605133057
 the	2.404759645462036
 pupil	14.728351593017578
 indicated	16.110244750976562
 the	3.592471122741699
 block	12.647034645080566
 of	2.8683621883392334
 text	7.289284706115723
 this	12.556642532348633
 morning	2.3230276107788086
.	11.306854248046875
<|endoftext|>	13.161999702453613
The	0.00
 associate	17.001256942749023
 obviously	18.437591552734375
 knew	4.732955455780029
 where	5.610174655914307
 the	2.609689474105835
 accountant	14.927881240844727
 hid	11.48725700378418
 the	1.8137773275375366
 pile	12.624652862548828
 of	0.11112514138221741
 documents	5.4061784744262695
 yesterday	13.842669486999512
.	11.377543449401855
<|endoftext|>	14.836899757385254
The	0.00
 author	10.091313362121582
 regrettably	19.163402557373047
 knew	9.731768608093262
 where	8.679444313049316
 the	2.9793879985809326
 editor	10.542765617370605
 recorded	16.188522338867188
 the	2.0998382568359375
 techniques	15.485164642333984
 of	3.121889114379883
 painting	8.240811347961426
 today	11.001117706298828
.	10.541657447814941
<|endoftext|>	14.023421287536621
The	0.00
 applicant	15.691343307495117
 almost	17.198396682739258
 forgot	8.983743667602539
 where	6.6161112785339355
 the	4.525239944458008
 dentist	11.646760940551758
 dropped	12.40256118774414
 the	3.7267699241638184
 samples	11.524269104003906
 of	2.5379459857940674
 acid	10.177099227905273
 last	11.989173889160156
 week	1.402538537979126
.	10.569880485534668
<|endoftext|>	14.292920112609863
The	0.00
 assistant	14.236419677734375
 clearly	16.625452041625977
 forgot	11.417880058288574
 where	6.5958123207092285
 the	3.368856906890869
 economist	18.87228775024414
 encouraged	19.275178909301758
 the	3.654297351837158
 gang	11.565857887268066
 of	4.515804290771484
 investors	9.337687492370605
 during	8.925803184509277
 the	1.056644320487976
 meeting	4.250230312347412
.	11.308443069458008
<|endoftext|>	14.139223098754883
The	0.00
 waiter	16.28982162475586
 gradually	16.131105422973633
 forgot	10.9144287109375
 where	6.865535259246826
 the	4.016897201538086
 customer	9.057013511657715
 drank	14.31641674041748
 the	2.245556116104126
 barrel	15.232959747314453
 of	0.41043755412101746
 beer	2.4546918869018555
 last	9.770709037780762
 night	0.5749057531356812
.	11.017580032348633
<|endoftext|>	13.913493156433105
The	0.00
 drivers	14.505780220031738
 stupidly	17.553110122680664
 forgot	6.268310546875
 where	7.488343715667725
 the	3.1511964797973633
 gardener	17.809656143188477
 built	12.698314666748047
 the	1.7408010959625244
 structures	12.293630599975586
 of	6.185177326202393
 steel	11.566298484802246
 on	7.360362529754639
 Friday	9.75662612915039
.	10.870670318603516
<|endoftext|>	13.11607837677002
The	0.00
 inspector	15.035024642944336
 foolishly	23.275901794433594
 forgot	7.233493804931641
 where	9.15404987335205
 the	3.1041204929351807
 prisoner	12.479352951049805
 discovered	13.631526947021484
 the	1.1958775520324707
 sheet	11.283651351928711
 of	2.179126739501953
 plastic	8.29932689666748
 last	10.439187049865723
 night	1.6681355237960815
.	10.434528350830078
<|endoftext|>	14.178080558776855
The	0.00
 engineer	15.022146224975586
 stupidly	18.2403507232666
 forgot	5.396956920623779
 where	8.731498718261719
 the	3.053814649581909
 surgeon	15.255056381225586
 created	14.13896656036377
 the	1.2886430025100708
 layer	13.325779914855957
 of	0.7157706618309021
 tissue	6.808509826660156
 during	8.2901611328125
 the	1.3796488046646118
 operation	3.6155381202697754
.	10.118478775024414
<|endoftext|>	14.663244247436523
The	0.00
 archaeologist	16.70294761657715
 regrettably	21.113201141357422
 forgot	5.794313430786133
 where	9.39324951171875
 the	3.347794532775879
 excavator	9.617295265197754
 found	7.783133506774902
 the	1.2143124341964722
 group	11.345132827758789
 of	0.9255614280700684
 fossils	8.732662200927734
 last	9.822457313537598
 month	4.183757305145264
.	9.900477409362793
<|endoftext|>	13.83683967590332
The	0.00
 publisher	13.935882568359375
 almost	15.611283302307129
 explained	14.15142822265625
 where	8.34532642364502
 the	2.0030786991119385
 writer	10.873017311096191
 represented	15.576681137084961
 the	2.8132004737854004
 code	13.00997257232666
 of	3.062638998031616
 conduct	1.319933295249939
 on	4.677290916442871
 Tuesday	6.530025005340576
.	9.810651779174805
<|endoftext|>	14.243945121765137
The	0.00
 employer	15.666671752929688
 totally	17.34709930419922
 explained	11.74344253540039
 where	8.87456226348877
 the	2.5667805671691895
 colleague	15.150301933288574
 presented	13.72812271118164
 the	2.2357823848724365
 copies	15.24316120147705
 of	0.6695995330810547
 contracts	11.182607650756836
 during	8.276947021484375
 the	1.298315405845642
 meeting	4.283377647399902
.	10.124640464782715
<|endoftext|>	14.88100528717041
The	0.00
 critic	16.8335018157959
 carefully	16.070783615112305
 explained	7.674079418182373
 where	7.836862564086914
 the	1.9766640663146973
 architect	14.05251407623291
 designed	11.719206809997559
 the	0.940462589263916
 suite	12.654680252075195
 of	2.211303472518921
 rooms	4.205234050750732
 last	13.045315742492676
 year	2.4507291316986084
.	11.476906776428223
<|endoftext|>	14.204025268554688
The	0.00
 landlord	14.06236743927002
 promptly	14.48781681060791
 explained	10.139906883239746
 where	10.078397750854492
 the	1.389607548713684
 photographer	14.853751182556152
 removed	14.897900581359863
 the	0.8609764575958252
 box	9.36819076538086
 of	1.8907713890075684
 cash	10.498625755310059
 yesterday	12.998096466064453
.	12.00011920928955
<|endoftext|>	13.299788475036621
The	0.00
 boss	12.989322662353516
 slowly	18.90482521057129
 explained	10.449660301208496
 where	7.97012186050415
 the	1.8895376920700073
 journalist	15.636236190795898
 ordered	17.528417587280273
 the	1.5324491262435913
 drink	8.643211364746094
 of	8.342256546020508
 wine	6.9752326011657715
 last	10.538762092590332
 week	3.321009874343872
.	11.476102828979492
<|endoftext|>	13.769322395324707
The	0.00
 critic	16.8335018157959
 gradually	17.747650146484375
 explained	9.988102912902832
 where	8.608240127563477
 the	2.0353431701660156
 guests	15.46202278137207
 consulted	16.077890396118164
 the	4.052618026733398
 index	12.674126625061035
 of	2.7499072551727295
 records	12.384113311767578
 last	12.895557403564453
 month	5.27741003036499
.	10.910919189453125
<|endoftext|>	14.2715425491333
The	0.00
 cleaner	18.0574893951416
 obviously	13.950350761413574
 knew	5.0480637550354
 that	3.2662878036499023
 the	2.927645683288574
 resident	12.500054359436035
 identified	13.832551956176758
 the	4.28641414642334
 chest	14.563148498535156
 of	4.235966682434082
 documents	11.066054344177246
 in	3.9658498764038086
 the	1.4734153747558594
 hall	10.973102569580078
.	13.177513122558594
<|endoftext|>	14.602431297302246
The	0.00
 victim	11.845145225524902
 clearly	13.884114265441895
 knew	4.918805122375488
 that	3.232938051223755
 the	3.037311315536499
 murderer	8.575479507446289
 noticed	15.123564720153809
 the	3.367870330810547
 pool	13.401715278625488
 of	2.071871042251587
 blood	0.12863551080226898
 in	3.06119704246521
 the	0.8860813975334167
 prison	13.125649452209473
.	14.586899757385254
<|endoftext|>	12.670405387878418
The	0.00
 professor	13.283145904541016
 totally	16.5474853515625
 knew	6.66673469543457
 that	4.983978748321533
 the	3.5162036418914795
 scientist	12.146632194519043
 instructed	15.974579811096191
 the	4.057319641113281
 teams	13.383544921875
 of	3.4300661087036133
 students	3.7835536003112793
 in	4.70360803604126
 the	2.0048828125
 building	8.18247127532959
.	13.3056058883667
<|endoftext|>	13.036803245544434
The	0.00
 policeman	16.035429000854492
 stupidly	19.21550178527832
 knew	11.7320556640625
 that	2.1803252696990967
 the	3.0042028427124023
 butcher	15.647738456726074
 recognized	15.22930908203125
 the	3.235435962677002
 tin	13.917009353637695
 of	4.812826156616211
 meat	4.0659565925598145
 in	3.817598581314087
 the	1.3052847385406494
 shop	4.824268817901611
.	13.382451057434082
<|endoftext|>	12.506263732910156
The	0.00
 coach	13.216989517211914
 regrettably	21.84473991394043
 knew	9.119287490844727
 that	2.3238940238952637
 the	3.212360143661499
 pupil	12.289905548095703
 indicated	14.551383018493652
 the	5.634715557098389
 block	14.58105182647705
 of	3.2166695594787598
 text	7.774138927459717
 in	3.9020819664001465
 the	2.0948269367218018
 study	9.944452285766602
.	11.720979690551758
<|endoftext|>	13.445656776428223
The	0.00
 associate	17.001256942749023
 obviously	18.437591552734375
 knew	4.732955455780029
 that	3.139204978942871
 the	3.2234528064727783
 accountant	14.072806358337402
 hid	14.52263069152832
 the	2.3399736881256104
 pile	14.239909172058105
 of	0.1696057766675949
 documents	5.135918617248535
 in	2.459860324859619
 the	1.7173848152160645
 office	4.342368125915527
.	12.555209159851074
<|endoftext|>	14.313814163208008
The	0.00
 author	10.091313362121582
 regrettably	19.163402557373047
 knew	9.731768608093262
 that	2.2526535987854004
 the	3.3024394512176514
 editor	10.223958015441895
 recorded	16.151966094970703
 the	2.424894094467163
 techniques	15.622810363769531
 of	2.6773900985717773
 painting	9.049612045288086
 in	3.7469401359558105
 the	2.4527876377105713
 studio	4.810281276702881
.	11.350324630737305
<|endoftext|>	14.149358749389648
The	0.00
 applicant	15.691343307495117
 almost	17.198396682739258
 forgot	8.983743667602539
 that	3.1334431171417236
 the	3.3416550159454346
 dentist	12.627357482910156
 dropped	12.441852569580078
 the	3.113715887069702
 samples	13.604666709899902
 of	3.020620107650757
 acid	10.086701393127441
 in	2.093100070953369
 the	1.4652096033096313
 laboratory	9.854133605957031
.	10.98348331451416
<|endoftext|>	14.01490306854248
The	0.00
 assistant	14.236419677734375
 clearly	16.625452041625977
 forgot	11.417880058288574
 that	3.113166332244873
 the	3.2931694984436035
 economist	16.640499114990234
 encouraged	15.383122444152832
 the	3.5997798442840576
 gang	12.825559616088867
 of	5.2491984367370605
 investors	9.886218070983887
 in	5.194185733795166
 the	2.081851005554199
 hall	11.860177040100098
.	13.506357192993164
<|endoftext|>	12.621277809143066
The	0.00
 waiter	16.28982162475586
 gradually	16.131105422973633
 forgot	10.9144287109375
 that	4.009247303009033
 the	3.4589760303497314
 customer	6.917399883270264
 drank	13.46296501159668
 the	3.567965269088745
 barrel	14.725194931030273
 of	0.6159274578094482
 beer	2.4686951637268066
 in	4.402562141418457
 the	2.1407291889190674
 pub	7.892303943634033
.	10.960291862487793
<|endoftext|>	13.111892700195312
The	0.00
 drivers	14.505780220031738
 stupidly	17.553110122680664
 forgot	6.268310546875
 that	3.65331768989563
 the	3.0685999393463135
 gardener	16.504222869873047
 built	11.021989822387695
 the	2.2653071880340576
 structures	11.650530815124512
 of	5.944259166717529
 steel	11.547182083129883
 in	6.214117527008057
 the	1.606724500656128
 garden	6.009350299835205
.	10.073745727539062
<|endoftext|>	12.527379035949707
The	0.00
 inspector	15.035024642944336
 foolishly	23.275901794433594
 forgot	7.233493804931641
 that	3.461577892303467
 the	2.8876993656158447
 prisoner	12.62841796875
 discovered	13.3173246383667
 the	2.292009115219116
 sheet	11.83348274230957
 of	2.794511556625366
 plastic	8.86743450164795
 in	3.6097724437713623
 the	1.4673107862472534
 cell	4.520201683044434
.	11.69052505493164
<|endoftext|>	12.926850318908691
The	0.00
 engineer	15.022146224975586
 stupidly	18.2403507232666
 forgot	5.396956920623779
 that	3.6486434936523438
 the	2.7765867710113525
 surgeon	14.982439994812012
 created	11.396031379699707
 the	1.9720511436462402
 layer	13.789724349975586
 of	0.9079431295394897
 tissue	5.700111389160156
 in	3.9587011337280273
 the	1.2466753721237183
 hospital	8.244640350341797
.	12.347124099731445
<|endoftext|>	13.639147758483887
The	0.00
 archaeologist	16.70294761657715
 regrettably	21.113201141357422
 forgot	5.794313430786133
 that	3.4162938594818115
 the	2.838931083679199
 excavator	9.232494354248047
 found	9.750187873840332
 the	2.5246188640594482
 group	11.76151180267334
 of	1.5517842769622803
 fossils	9.515623092651367
 on	4.931227684020996
 the	0.9721088409423828
 site	4.558689594268799
.	11.526348114013672
<|endoftext|>	12.858067512512207
The	0.00
 publisher	13.935882568359375
 almost	15.611283302307129
 explained	14.15142822265625
 that	5.247007846832275
 the	2.7200913429260254
 writer	10.306550979614258
 represented	13.571442604064941
 the	3.0710108280181885
 code	13.395641326904297
 of	1.9797353744506836
 conduct	1.2001115083694458
 in	4.470530033111572
 the	2.3403868675231934
 text	7.7957987785339355
.	10.733290672302246
<|endoftext|>	16.55040168762207
The	0.00
 employer	15.666671752929688
 totally	17.34709930419922
 explained	11.74344253540039
 that	4.667156219482422
 the	3.300915241241455
 colleague	13.61948013305664
 presented	11.86060619354248
 the	3.94795298576355
 copies	15.445414543151855
 of	0.8617035150527954
 contracts	10.814785957336426
 in	4.622851848602295
 the	2.8710062503814697
 building	9.347291946411133
.	11.606911659240723
<|endoftext|>	13.781841278076172
The	0.00
 critic	16.8335018157959
 carefully	16.070783615112305
 explained	7.674079418182373
 that	2.1140835285186768
 the	2.505039691925049
 architect	13.127256393432617
 designed	9.959726333618164
 the	1.1588977575302124
 suite	12.046161651611328
 of	2.5249111652374268
 rooms	4.216915130615234
 in	2.9616711139678955
 Italy	12.385326385498047
.	14.663326263427734
<|endoftext|>	13.619136810302734
The	0.00
 landlord	14.06236743927002
 promptly	14.48781681060791
 explained	10.139906883239746
 that	1.1548261642456055
 the	2.066373109817505
 photographer	13.944558143615723
 removed	12.335129737854004
 the	1.4137800931930542
 box	9.682849884033203
 of	2.2134032249450684
 cash	10.761788368225098
 in	4.85448694229126
 the	2.1119439601898193
 house	6.169737815856934
.	13.363762855529785
<|endoftext|>	13.973428726196289
The	0.00
 boss	12.989322662353516
 slowly	18.90482521057129
 explained	10.449660301208496
 that	3.5120015144348145
 the	2.571570634841919
 journalist	14.334047317504883
 ordered	13.701282501220703
 the	2.7666335105895996
 drink	10.83728313446045
 of	8.525240898132324
 wine	7.334034442901611
 in	4.771190166473389
 the	2.2587215900421143
 bar	6.121236324310303
.	12.853363037109375
<|endoftext|>	14.230393409729004
The	0.00
 critic	16.8335018157959
 gradually	17.747650146484375
 explained	9.988102912902832
 that	2.2459609508514404
 the	2.4249796867370605
 guests	15.199533462524414
 consulted	13.973692893981934
 the	4.066971778869629
 index	12.170049667358398
 of	2.1807572841644287
 records	12.262873649597168
 in	4.177204608917236
 the	1.4768115282058716
 village	10.161909103393555
.	12.262323379516602
<|endoftext|>	14.528580665588379
The	0.00
 cleaner	18.0574893951416
 obviously	13.950350761413574
 knew	5.0480637550354
 that	3.2662878036499023
 the	2.927645683288574
 resident	12.500054359436035
 identified	13.832551956176758
 the	4.28641414642334
 chest	14.563148498535156
 of	4.235966682434082
 documents	11.066054344177246
 last	11.984347343444824
 month	3.8462986946105957
.	13.033345222473145
<|endoftext|>	15.637478828430176
The	0.00
 victim	11.845145225524902
 clearly	13.884114265441895
 knew	4.918805122375488
 that	3.232938051223755
 the	3.037311315536499
 murderer	8.575479507446289
 noticed	15.123564720153809
 the	3.367870330810547
 pool	13.401715278625488
 of	2.071871042251587
 blood	0.12863551080226898
 last	13.892218589782715
 night	1.5115000009536743
.	11.483405113220215
<|endoftext|>	13.382891654968262
The	0.00
 professor	13.283145904541016
 totally	16.5474853515625
 knew	6.66673469543457
 that	4.983978748321533
 the	3.5162036418914795
 scientist	12.146632194519043
 instructed	15.974579811096191
 the	4.057319641113281
 teams	13.383544921875
 of	3.4300661087036133
 students	3.7835536003112793
 on	5.586123943328857
 Monday	11.051133155822754
.	13.993680000305176
<|endoftext|>	13.688272476196289
The	0.00
 policeman	16.035429000854492
 stupidly	19.21550178527832
 knew	11.7320556640625
 that	2.1803252696990967
 the	3.0042028427124023
 butcher	15.647738456726074
 recognized	15.22930908203125
 the	3.235435962677002
 tin	13.917009353637695
 of	4.812826156616211
 meat	4.0659565925598145
 last	13.231064796447754
 month	5.828289985656738
.	11.865757942199707
<|endoftext|>	13.039621353149414
The	0.00
 coach	13.216989517211914
 regrettably	21.84473991394043
 knew	9.119287490844727
 that	2.3238940238952637
 the	3.212360143661499
 pupil	12.289905548095703
 indicated	14.551383018493652
 the	5.634715557098389
 block	14.58105182647705
 of	3.2166695594787598
 text	7.774138927459717
 this	11.912103652954102
 morning	2.5427138805389404
.	11.746045112609863
<|endoftext|>	12.771120071411133
The	0.00
 associate	17.001256942749023
 obviously	18.437591552734375
 knew	4.732955455780029
 that	3.139204978942871
 the	3.2234528064727783
 accountant	14.072806358337402
 hid	14.52263069152832
 the	2.3399736881256104
 pile	14.239909172058105
 of	0.1696057766675949
 documents	5.135918617248535
 yesterday	15.055231094360352
.	11.570250511169434
<|endoftext|>	15.188196182250977
The	0.00
 author	10.091313362121582
 regrettably	19.163402557373047
 knew	9.731768608093262
 that	2.2526535987854004
 the	3.3024394512176514
 editor	10.223958015441895
 recorded	16.151966094970703
 the	2.424894094467163
 techniques	15.622810363769531
 of	2.6773900985717773
 painting	9.049612045288086
 today	11.44700813293457
.	11.181721687316895
<|endoftext|>	13.964282035827637
The	0.00
 applicant	15.691343307495117
 almost	17.198396682739258
 forgot	8.983743667602539
 that	3.1334431171417236
 the	3.3416550159454346
 dentist	12.627357482910156
 dropped	12.441852569580078
 the	3.113715887069702
 samples	13.604666709899902
 of	3.020620107650757
 acid	10.086701393127441
 last	11.629260063171387
 week	1.2940114736557007
.	10.017597198486328
<|endoftext|>	14.260353088378906
The	0.00
 assistant	14.236419677734375
 clearly	16.625452041625977
 forgot	11.417880058288574
 that	3.113166332244873
 the	3.2931694984436035
 economist	16.640499114990234
 encouraged	15.383122444152832
 the	3.5997798442840576
 gang	12.825559616088867
 of	5.2491984367370605
 investors	9.886218070983887
 during	9.755297660827637
 the	1.1010240316390991
 meeting	4.696320533752441
.	11.827607154846191
<|endoftext|>	13.538030624389648
The	0.00
 waiter	16.28982162475586
 gradually	16.131105422973633
 forgot	10.9144287109375
 that	4.009247303009033
 the	3.4589760303497314
 customer	6.917399883270264
 drank	13.46296501159668
 the	3.567965269088745
 barrel	14.725194931030273
 of	0.6159274578094482
 beer	2.4686951637268066
 last	9.924190521240234
 night	0.8029016852378845
.	10.873641014099121
<|endoftext|>	13.628185272216797
The	0.00
 drivers	14.505780220031738
 stupidly	17.553110122680664
 forgot	6.268310546875
 that	3.65331768989563
 the	3.0685999393463135
 gardener	16.504222869873047
 built	11.021989822387695
 the	2.2653071880340576
 structures	11.650530815124512
 of	5.944259166717529
 steel	11.547182083129883
 on	6.747214317321777
 Friday	11.396403312683105
.	9.942439079284668
<|endoftext|>	12.63398265838623
The	0.00
 inspector	15.035024642944336
 foolishly	23.275901794433594
 forgot	7.233493804931641
 that	3.461577892303467
 the	2.8876993656158447
 prisoner	12.62841796875
 discovered	13.3173246383667
 the	2.292009115219116
 sheet	11.83348274230957
 of	2.794511556625366
 plastic	8.86743450164795
 last	9.939757347106934
 night	2.0169997215270996
.	10.339466094970703
<|endoftext|>	13.472835540771484
The	0.00
 engineer	15.022146224975586
 stupidly	18.2403507232666
 forgot	5.396956920623779
 that	3.6486434936523438
 the	2.7765867710113525
 surgeon	14.982439994812012
 created	11.396031379699707
 the	1.9720511436462402
 layer	13.789724349975586
 of	0.9079431295394897
 tissue	5.700111389160156
 during	8.52686882019043
 the	1.2801483869552612
 operation	2.9032557010650635
.	10.001424789428711
<|endoftext|>	14.351221084594727
The	0.00
 archaeologist	16.70294761657715
 regrettably	21.113201141357422
 forgot	5.794313430786133
 that	3.4162938594818115
 the	2.838931083679199
 excavator	9.232494354248047
 found	9.750187873840332
 the	2.5246188640594482
 group	11.76151180267334
 of	1.5517842769622803
 fossils	9.515623092651367
 last	9.119701385498047
 month	3.6318581104278564
.	9.516420364379883
<|endoftext|>	13.039844512939453
The	0.00
 publisher	13.935882568359375
 almost	15.611283302307129
 explained	14.15142822265625
 that	5.247007846832275
 the	2.7200913429260254
 writer	10.306550979614258
 represented	13.571442604064941
 the	3.0710108280181885
 code	13.395641326904297
 of	1.9797353744506836
 conduct	1.2001115083694458
 on	5.127608299255371
 Tuesday	7.929586887359619
.	9.824357032775879
<|endoftext|>	14.23232364654541
The	0.00
 employer	15.666671752929688
 totally	17.34709930419922
 explained	11.74344253540039
 that	4.667156219482422
 the	3.300915241241455
 colleague	13.61948013305664
 presented	11.86060619354248
 the	3.94795298576355
 copies	15.445414543151855
 of	0.8617035150527954
 contracts	10.814785957336426
 during	8.825139045715332
 the	1.5451743602752686
 meeting	4.067620277404785
.	10.8805513381958
<|endoftext|>	14.723509788513184
The	0.00
 critic	16.8335018157959
 carefully	16.070783615112305
 explained	7.674079418182373
 that	2.1140835285186768
 the	2.505039691925049
 architect	13.127256393432617
 designed	9.959726333618164
 the	1.1588977575302124
 suite	12.046161651611328
 of	2.5249111652374268
 rooms	4.216915130615234
 last	12.776030540466309
 year	1.0009132623672485
.	13.929656982421875
<|endoftext|>	14.411885261535645
The	0.00
 landlord	14.06236743927002
 promptly	14.48781681060791
 explained	10.139906883239746
 that	1.1548261642456055
 the	2.066373109817505
 photographer	13.944558143615723
 removed	12.335129737854004
 the	1.4137800931930542
 box	9.682849884033203
 of	2.2134032249450684
 cash	10.761788368225098
 yesterday	12.808440208435059
.	13.232138633728027
<|endoftext|>	14.421794891357422
The	0.00
 boss	12.989322662353516
 slowly	18.90482521057129
 explained	10.449660301208496
 that	3.5120015144348145
 the	2.571570634841919
 journalist	14.334047317504883
 ordered	13.701282501220703
 the	2.7666335105895996
 drink	10.83728313446045
 of	8.525240898132324
 wine	7.334034442901611
 last	10.05150318145752
 week	2.739396333694458
.	12.988259315490723
<|endoftext|>	14.427062034606934
The	0.00
 critic	16.8335018157959
 gradually	17.747650146484375
 explained	9.988102912902832
 that	2.2459609508514404
 the	2.4249796867370605
 guests	15.199533462524414
 consulted	13.973692893981934
 the	4.066971778869629
 index	12.170049667358398
 of	2.1807572841644287
 records	12.262873649597168
 last	13.310259819030762
 month	4.417766571044922
.	12.453351020812988
<|endoftext|>	15.20190715789795
